{"ville":{"id":13903,"code_insee":"15025","nom_standard":"Albepierre-Bredons","nom_a":null,"nom_de":null,"slug_ville":"albepierre-bredons","departement_id":0,"code_postal":"15300","population":242,"superficie_km2":"3444.13","latitude_centre":"45.0777","longitude_centre":"2.8268","dep_code":"15","dep_nom":"Cantal","dep_slug":"cantal","reg_code":"84","reg_nom":"Auvergne-Rhône-Alpes","reg_slug":"auvergne-rhone-alpes"},"departement":{"code":"15","nom":"Cantal","slug":"cantal"},"region":{"code":"84","nom":"Auvergne-Rhône-Alpes","slug":"auvergne-rhone-alpes"},"villes_proches":[{"id":0,"code_insee":"15100","nom_standard":"Laveissenet","nom_a":null,"nom_de":null,"slug_ville":"laveissenet","departement_id":0,"code_postal":"15300","population":137,"superficie_km2":"1089.53","latitude_centre":"45.0726","longitude_centre":"2.8719","distance_km":3.59},{"id":0,"code_insee":"15101","nom_standard":"Laveissière","nom_a":null,"nom_de":null,"slug_ville":"laveissiere","departement_id":0,"code_postal":"15300","population":537,"superficie_km2":"3525.19","latitude_centre":"45.0985","longitude_centre":"2.7837","distance_km":4.1},{"id":0,"code_insee":"15138","nom_standard":"Murat","nom_a":null,"nom_de":null,"slug_ville":"murat","departement_id":0,"code_postal":"15300","population":1770,"superficie_km2":"2017.44","latitude_centre":"45.1236","longitude_centre":"2.8501","distance_km":5.42},{"id":0,"code_insee":"15248","nom_standard":"Valuéjols","nom_a":null,"nom_de":null,"slug_ville":"valuejols","departement_id":0,"code_postal":"15300","population":580,"superficie_km2":"3848.57","latitude_centre":"45.0535","longitude_centre":"2.9037","distance_km":6.61},{"id":0,"code_insee":"15041","nom_standard":"La Chapelle-d'Alagnon","nom_a":null,"nom_de":null,"slug_ville":"la-chapelle-d-alagnon","departement_id":0,"code_postal":"15300","population":256,"superficie_km2":"915.41","latitude_centre":"45.1037","longitude_centre":"2.9072","distance_km":6.94},{"id":0,"code_insee":"15148","nom_standard":"Paulhac","nom_a":null,"nom_de":null,"slug_ville":"paulhac","departement_id":0,"code_postal":"15430","population":431,"superficie_km2":"4655.65","latitude_centre":"45.0179","longitude_centre":"2.8841","distance_km":8.03},{"id":0,"code_insee":"15263","nom_standard":"Virargues","nom_a":null,"nom_de":null,"slug_ville":"virargues","departement_id":0,"code_postal":"15300","population":116,"superficie_km2":"1109.74","latitude_centre":"45.13","longitude_centre":"2.9006","distance_km":8.21},{"id":0,"code_insee":"15026","nom_standard":"Brezons","nom_a":null,"nom_de":null,"slug_ville":"brezons","departement_id":0,"code_postal":"15230","population":177,"superficie_km2":"4348.15","latitude_centre":"45.005","longitude_centre":"2.7865","distance_km":8.68},{"id":0,"code_insee":"15192","nom_standard":"Saint-Jacques-des-Blats","nom_a":null,"nom_de":null,"slug_ville":"saint-jacques-des-blats","departement_id":0,"code_postal":"15800","population":305,"superficie_km2":"3131.02","latitude_centre":"45.0536","longitude_centre":"2.7185","distance_km":8.92},{"id":0,"code_insee":"15061","nom_standard":"Dienne","nom_a":null,"nom_de":null,"slug_ville":"dienne","departement_id":0,"code_postal":"15300","population":235,"superficie_km2":"4639.92","latitude_centre":"45.1614","longitude_centre":"2.8112","distance_km":9.39},{"id":0,"code_insee":"15102","nom_standard":"Lavigerie","nom_a":null,"nom_de":null,"slug_ville":"lavigerie","departement_id":0,"code_postal":"15300","population":116,"superficie_km2":"2418.88","latitude_centre":"45.1274","longitude_centre":"2.7269","distance_km":9.59},{"id":0,"code_insee":"15033","nom_standard":"Cézens","nom_a":null,"nom_de":null,"slug_ville":"cezens","departement_id":0,"code_postal":"15230","population":218,"superficie_km2":"3205.40","latitude_centre":"44.9919","longitude_centre":"2.8572","distance_km":9.84},{"id":0,"code_insee":"15244","nom_standard":"Ussel","nom_a":null,"nom_de":null,"slug_ville":"ussel","departement_id":0,"code_postal":"15300","population":453,"superficie_km2":"1022.24","latitude_centre":"45.0732","longitude_centre":"2.955","distance_km":10.08},{"id":0,"code_insee":"15047","nom_standard":"Chavagnac","nom_a":null,"nom_de":null,"slug_ville":"chavagnac","departement_id":0,"code_postal":"15300","population":88,"superficie_km2":"1662.98","latitude_centre":"45.1629","longitude_centre":"2.8757","distance_km":10.22},{"id":0,"code_insee":"15031","nom_standard":"Celles","nom_a":null,"nom_de":null,"slug_ville":"celles","departement_id":0,"code_postal":"15170","population":217,"superficie_km2":"1825.53","latitude_centre":"45.1023","longitude_centre":"2.9554","distance_km":10.46},{"id":0,"code_insee":"15112","nom_standard":"Malbo","nom_a":null,"nom_de":null,"slug_ville":"malbo","departement_id":0,"code_postal":"15230","population":90,"superficie_km2":"2938.69","latitude_centre":"44.9857","longitude_centre":"2.7554","distance_km":11.67},{"id":0,"code_insee":"15050","nom_standard":"Le Claux","nom_a":null,"nom_de":null,"slug_ville":"le-claux","departement_id":0,"code_postal":"15400","population":160,"superficie_km2":"2798.49","latitude_centre":"45.1433","longitude_centre":"2.7038","distance_km":12.1},{"id":0,"code_insee":"15035","nom_standard":"Chalinargues","nom_a":null,"nom_de":null,"slug_ville":"chalinargues","departement_id":0,"code_postal":"15170","population":304,"superficie_km2":"2746.03","latitude_centre":"45.1628","longitude_centre":"2.9343","distance_km":12.68},{"id":0,"code_insee":"15225","nom_standard":"Ségur-les-Villas","nom_a":null,"nom_de":null,"slug_ville":"segur-les-villas","departement_id":0,"code_postal":"15300","population":215,"superficie_km2":"2707.14","latitude_centre":"45.2094","longitude_centre":"2.8237","distance_km":14.65},{"id":0,"code_insee":"15201","nom_standard":"Saint-Martin-sous-Vigouroux","nom_a":null,"nom_de":null,"slug_ville":"saint-martin-sous-vigouroux","departement_id":0,"code_postal":"15230","population":217,"superficie_km2":"1956.72","latitude_centre":"44.9435","longitude_centre":"2.7969","distance_km":15.11}]}