{"ville":{"id":32536,"code_insee":"79019","nom_standard":"Aubigny","nom_a":null,"nom_de":null,"slug_ville":"aubigny","departement_id":0,"code_postal":"79390","population":178,"superficie_km2":"1197.90","latitude_centre":"46.7283","longitude_centre":"-0.1055","dep_code":"79","dep_nom":"Deux-Sèvres","dep_slug":"deux-sevres","reg_code":"75","reg_nom":"Nouvelle-Aquitaine","reg_slug":"nouvelle-aquitaine"},"departement":{"code":"79","nom":"Deux-Sèvres","slug":"deux-sevres"},"region":{"code":"75","nom":"Nouvelle-Aquitaine","slug":"nouvelle-aquitaine"},"villes_proches":[{"id":0,"code_insee":"79149","nom_standard":"Lhoumois","nom_a":null,"nom_de":null,"slug_ville":"lhoumois","departement_id":0,"code_postal":"79390","population":157,"superficie_km2":"985.02","latitude_centre":"46.7082","longitude_centre":"-0.1272","distance_km":2.78},{"id":0,"code_insee":"79218","nom_standard":"Pressigny","nom_a":null,"nom_de":null,"slug_ville":"pressigny","departement_id":0,"code_postal":"79390","population":191,"superficie_km2":"1203.69","latitude_centre":"46.751","longitude_centre":"-0.0834","distance_km":3.03},{"id":0,"code_insee":"79197","nom_standard":"Oroux","nom_a":null,"nom_de":null,"slug_ville":"oroux","departement_id":0,"code_postal":"79390","population":102,"superficie_km2":"665.93","latitude_centre":"46.6902","longitude_centre":"-0.0984","distance_km":4.27},{"id":0,"code_insee":"79089","nom_standard":"Le Chillou","nom_a":null,"nom_de":null,"slug_ville":"le-chillou","departement_id":0,"code_postal":"79600","population":163,"superficie_km2":"516.67","latitude_centre":"46.7687","longitude_centre":"-0.1222","distance_km":4.67},{"id":0,"code_insee":"79326","nom_standard":"Thénezay","nom_a":null,"nom_de":null,"slug_ville":"thenezay","departement_id":0,"code_postal":"79390","population":1400,"superficie_km2":"4842.36","latitude_centre":"46.7239","longitude_centre":"-0.0414","distance_km":4.91},{"id":0,"code_insee":"79135","nom_standard":"Gourgé","nom_a":null,"nom_de":null,"slug_ville":"gourge","departement_id":0,"code_postal":"79200","population":884,"superficie_km2":"5042.71","latitude_centre":"46.7251","longitude_centre":"-0.1786","distance_km":5.58},{"id":0,"code_insee":"79268","nom_standard":"Saint-Loup-Lamairé","nom_a":null,"nom_de":null,"slug_ville":"saint-loup-lamaire","departement_id":0,"code_postal":"79600","population":1064,"superficie_km2":"2241.58","latitude_centre":"46.7714","longitude_centre":"-0.155","distance_km":6.1},{"id":32534,"code_insee":"79016","nom_standard":"Assais-les-Jumeaux","nom_a":null,"nom_de":null,"slug_ville":"assais-les-jumeaux","departement_id":0,"code_postal":"79600","population":763,"superficie_km2":"5321.18","latitude_centre":"46.7846","longitude_centre":"-0.0692","distance_km":6.84},{"id":0,"code_insee":"79208","nom_standard":"La Peyratte","nom_a":null,"nom_de":null,"slug_ville":"la-peyratte","departement_id":0,"code_postal":"79200","population":1105,"superficie_km2":"4771.70","latitude_centre":"46.6619","longitude_centre":"-0.162","distance_km":8.55},{"id":0,"code_insee":"79108","nom_standard":"Doux","nom_a":null,"nom_de":null,"slug_ville":"doux","departement_id":0,"code_postal":"79390","population":204,"superficie_km2":"987.32","latitude_centre":"46.7397","longitude_centre":"0.0094","distance_km":8.85},{"id":0,"code_insee":"79156","nom_standard":"Louin","nom_a":null,"nom_de":null,"slug_ville":"louin","departement_id":0,"code_postal":"79600","population":674,"superficie_km2":"2054.30","latitude_centre":"46.7793","longitude_centre":"-0.1998","distance_km":9.15},{"id":0,"code_insee":"79120","nom_standard":"La Ferrière-en-Parthenay","nom_a":null,"nom_de":null,"slug_ville":"la-ferriere-en-parthenay","departement_id":0,"code_postal":"79390","population":774,"superficie_km2":"2937.86","latitude_centre":"46.6454","longitude_centre":"-0.075","distance_km":9.51},{"id":0,"code_insee":"86073","nom_standard":"Cherves","nom_a":null,"nom_de":null,"slug_ville":"cherves","departement_id":0,"code_postal":"86170","population":529,"superficie_km2":"2619.16","latitude_centre":"46.6992","longitude_centre":"0.0245","distance_km":10.43},{"id":0,"code_insee":"86087","nom_standard":"Craon","nom_a":null,"nom_de":null,"slug_ville":"craon","departement_id":0,"code_postal":"86110","population":183,"superficie_km2":"2190.56","latitude_centre":"46.77","longitude_centre":"0.0248","distance_km":10.96},{"id":0,"code_insee":"86050","nom_standard":"Chalandray","nom_a":null,"nom_de":null,"slug_ville":"chalandray","departement_id":0,"code_postal":"86190","population":784,"superficie_km2":"2516.23","latitude_centre":"46.6517","longitude_centre":"-0.0071","distance_km":11.35},{"id":0,"code_insee":"79306","nom_standard":"Saurais","nom_a":null,"nom_de":null,"slug_ville":"saurais","departement_id":0,"code_postal":"79200","population":178,"superficie_km2":"1165.57","latitude_centre":"46.6234","longitude_centre":"-0.1335","distance_km":11.86},{"id":0,"code_insee":"79005","nom_standard":"Airvault","nom_a":null,"nom_de":null,"slug_ville":"airvault","departement_id":0,"code_postal":"79600","population":3306,"superficie_km2":"6409.92","latitude_centre":"46.8323","longitude_centre":"-0.1532","distance_km":12.12},{"id":0,"code_insee":"79071","nom_standard":"La Chapelle-Bertrand","nom_a":null,"nom_de":null,"slug_ville":"la-chapelle-bertrand","departement_id":0,"code_postal":"79200","population":465,"superficie_km2":"1946.83","latitude_centre":"46.6227","longitude_centre":"-0.1889","distance_km":13.36},{"id":0,"code_insee":"79022","nom_standard":"Availles-Thouarsais","nom_a":null,"nom_de":null,"slug_ville":"availles-thouarsais","departement_id":0,"code_postal":"79600","population":180,"superficie_km2":"1092.40","latitude_centre":"46.8559","longitude_centre":"-0.1378","distance_km":14.4},{"id":0,"code_insee":"79278","nom_standard":"Saint-Martin-du-Fouilloux","nom_a":null,"nom_de":null,"slug_ville":"saint-martin-du-fouilloux","departement_id":0,"code_postal":"79420","population":253,"superficie_km2":"2416.18","latitude_centre":"46.5924","longitude_centre":"-0.129","distance_km":15.22}]}