{"ville":{"id":11172,"code_insee":"04023","nom_standard":"Bayons","nom_a":null,"nom_de":null,"slug_ville":"bayons","departement_id":0,"code_postal":"04250","population":199,"superficie_km2":"12642.94","latitude_centre":"44.3233","longitude_centre":"6.1832","dep_code":"04","dep_nom":"Alpes-de-Haute-Provence","dep_slug":"alpes-de-haute-provence","reg_code":"93","reg_nom":"Provence-Alpes-Côte d'Azur","reg_slug":"provence-alpes-cote-d-azur"},"departement":{"code":"04","nom":"Alpes-de-Haute-Provence","slug":"alpes-de-haute-provence"},"region":{"code":"93","nom":"Provence-Alpes-Côte d'Azur","slug":"provence-alpes-cote-d-azur"},"villes_proches":[{"id":11169,"code_insee":"04020","nom_standard":"Barles","nom_a":null,"nom_de":null,"slug_ville":"barles","departement_id":0,"code_postal":"04140","population":118,"superficie_km2":"5969.54","latitude_centre":"44.2815","longitude_centre":"6.2532","distance_km":7.25},{"id":0,"code_insee":"04222","nom_standard":"Turriers","nom_a":null,"nom_de":null,"slug_ville":"turriers","departement_id":0,"code_postal":"04250","population":345,"superficie_km2":"1999.52","latitude_centre":"44.3934","longitude_centre":"6.1596","distance_km":8.02},{"id":0,"code_insee":"04057","nom_standard":"Clamensane","nom_a":null,"nom_de":null,"slug_ville":"clamensane","departement_id":0,"code_postal":"04250","population":183,"superficie_km2":"2394.61","latitude_centre":"44.3301","longitude_centre":"6.0784","distance_km":8.37},{"id":0,"code_insee":"04191","nom_standard":"Saint-Martin-lès-Seyne","nom_a":null,"nom_de":null,"slug_ville":"saint-martin-les-seyne","departement_id":0,"code_postal":"04140","population":7,"superficie_km2":"1221.65","latitude_centre":"44.3858","longitude_centre":"6.2527","distance_km":8.88},{"id":11167,"code_insee":"04016","nom_standard":"Authon","nom_a":null,"nom_de":null,"slug_ville":"authon","departement_id":0,"code_postal":"04200","population":57,"superficie_km2":"4030.15","latitude_centre":"44.2475","longitude_centre":"6.1442","distance_km":8.98},{"id":0,"code_insee":"04026","nom_standard":"Bellaffaire","nom_a":null,"nom_de":null,"slug_ville":"bellaffaire","departement_id":0,"code_postal":"04250","population":159,"superficie_km2":"1321.22","latitude_centre":"44.4074","longitude_centre":"6.1947","distance_km":9.4},{"id":0,"code_insee":"04228","nom_standard":"Valavoire","nom_a":null,"nom_de":null,"slug_ville":"valavoire","departement_id":0,"code_postal":"04250","population":39,"superficie_km2":"1673.92","latitude_centre":"44.2793","longitude_centre":"6.0787","distance_km":9.65},{"id":0,"code_insee":"04085","nom_standard":"Faucon-du-Caire","nom_a":null,"nom_de":null,"slug_ville":"faucon-du-caire","departement_id":0,"code_postal":"04250","population":60,"superficie_km2":"2005.54","latitude_centre":"44.3952","longitude_centre":"6.0998","distance_km":10.39},{"id":0,"code_insee":"04203","nom_standard":"Selonnet","nom_a":null,"nom_de":null,"slug_ville":"selonnet","departement_id":0,"code_postal":"04140","population":443,"superficie_km2":"2975.76","latitude_centre":"44.3713","longitude_centre":"6.299","distance_km":10.64},{"id":0,"code_insee":"05022","nom_standard":"Bréziers","nom_a":null,"nom_de":null,"slug_ville":"breziers","departement_id":0,"code_postal":"05190","population":229,"superficie_km2":"3060.67","latitude_centre":"44.4163","longitude_centre":"6.2184","distance_km":10.71},{"id":0,"code_insee":"04037","nom_standard":"Le Caire","nom_a":null,"nom_de":null,"slug_ville":"le-caire","departement_id":0,"code_postal":"04250","population":80,"superficie_km2":"1770.34","latitude_centre":"44.3776","longitude_centre":"6.0706","distance_km":10.8},{"id":11168,"code_insee":"04017","nom_standard":"Auzet","nom_a":null,"nom_de":null,"slug_ville":"auzet","departement_id":0,"code_postal":"04140","population":102,"superficie_km2":"3494.57","latitude_centre":"44.3041","longitude_centre":"6.3169","distance_km":10.85},{"id":0,"code_insee":"04134","nom_standard":"La Motte-du-Caire","nom_a":null,"nom_de":null,"slug_ville":"la-motte-du-caire","departement_id":0,"code_postal":"04250","population":546,"superficie_km2":"2735.15","latitude_centre":"44.3412","longitude_centre":"6.0406","distance_km":11.52},{"id":0,"code_insee":"04093","nom_standard":"Gigors","nom_a":null,"nom_de":null,"slug_ville":"gigors","departement_id":0,"code_postal":"04250","population":58,"superficie_km2":"1380.10","latitude_centre":"44.4243","longitude_centre":"6.1422","distance_km":11.69},{"id":0,"code_insee":"04177","nom_standard":"Hautes-Duyes","nom_a":null,"nom_de":null,"slug_ville":"hautes-duyes","departement_id":0,"code_postal":"04380","population":53,"superficie_km2":"2307.47","latitude_centre":"44.1969","longitude_centre":"6.1719","distance_km":14.08},{"id":0,"code_insee":"05121","nom_standard":"Rochebrune","nom_a":null,"nom_de":null,"slug_ville":"rochebrune","departement_id":0,"code_postal":"05190","population":195,"superficie_km2":"1209.62","latitude_centre":"44.4506","longitude_centre":"6.1962","distance_km":14.19},{"id":0,"code_insee":"04040","nom_standard":"Le Castellard-Mélan","nom_a":null,"nom_de":null,"slug_ville":"le-castellard-melan","departement_id":0,"code_postal":"04380","population":64,"superficie_km2":"2596.83","latitude_centre":"44.1995","longitude_centre":"6.135","distance_km":14.29},{"id":0,"code_insee":"04234","nom_standard":"Venterol","nom_a":null,"nom_de":null,"slug_ville":"venterol","departement_id":0,"code_postal":"05130","population":236,"superficie_km2":"2265.05","latitude_centre":"44.4399","longitude_centre":"6.0869","distance_km":15.06},{"id":0,"code_insee":"04150","nom_standard":"Piégut","nom_a":null,"nom_de":null,"slug_ville":"piegut","departement_id":0,"code_postal":"05130","population":201,"superficie_km2":"1111.45","latitude_centre":"44.4546","longitude_centre":"6.1321","distance_km":15.15},{"id":0,"code_insee":"04167","nom_standard":"La Robine-sur-Galabre","nom_a":null,"nom_de":null,"slug_ville":"la-robine-sur-galabre","departement_id":0,"code_postal":"04000","population":301,"superficie_km2":"6076.69","latitude_centre":"44.1883","longitude_centre":"6.2328","distance_km":15.52}]}