{"ville":{"id":11175,"code_insee":"04026","nom_standard":"Bellaffaire","nom_a":null,"nom_de":null,"slug_ville":"bellaffaire","departement_id":0,"code_postal":"04250","population":159,"superficie_km2":"1321.22","latitude_centre":"44.4074","longitude_centre":"6.1947","dep_code":"04","dep_nom":"Alpes-de-Haute-Provence","dep_slug":"alpes-de-haute-provence","reg_code":"93","reg_nom":"Provence-Alpes-Côte d'Azur","reg_slug":"provence-alpes-cote-d-azur"},"departement":{"code":"04","nom":"Alpes-de-Haute-Provence","slug":"alpes-de-haute-provence"},"region":{"code":"93","nom":"Provence-Alpes-Côte d'Azur","slug":"provence-alpes-cote-d-azur"},"villes_proches":[{"id":0,"code_insee":"05022","nom_standard":"Bréziers","nom_a":null,"nom_de":null,"slug_ville":"breziers","departement_id":0,"code_postal":"05190","population":229,"superficie_km2":"3060.67","latitude_centre":"44.4163","longitude_centre":"6.2184","distance_km":2.13},{"id":0,"code_insee":"04222","nom_standard":"Turriers","nom_a":null,"nom_de":null,"slug_ville":"turriers","departement_id":0,"code_postal":"04250","population":345,"superficie_km2":"1999.52","latitude_centre":"44.3934","longitude_centre":"6.1596","distance_km":3.19},{"id":0,"code_insee":"04093","nom_standard":"Gigors","nom_a":null,"nom_de":null,"slug_ville":"gigors","departement_id":0,"code_postal":"04250","population":58,"superficie_km2":"1380.10","latitude_centre":"44.4243","longitude_centre":"6.1422","distance_km":4.57},{"id":0,"code_insee":"05121","nom_standard":"Rochebrune","nom_a":null,"nom_de":null,"slug_ville":"rochebrune","departement_id":0,"code_postal":"05190","population":195,"superficie_km2":"1209.62","latitude_centre":"44.4506","longitude_centre":"6.1962","distance_km":4.81},{"id":0,"code_insee":"04191","nom_standard":"Saint-Martin-lès-Seyne","nom_a":null,"nom_de":null,"slug_ville":"saint-martin-les-seyne","departement_id":0,"code_postal":"04140","population":7,"superficie_km2":"1221.65","latitude_centre":"44.3858","longitude_centre":"6.2527","distance_km":5.2},{"id":0,"code_insee":"04150","nom_standard":"Piégut","nom_a":null,"nom_de":null,"slug_ville":"piegut","departement_id":0,"code_postal":"05130","population":201,"superficie_km2":"1111.45","latitude_centre":"44.4546","longitude_centre":"6.1321","distance_km":7.23},{"id":0,"code_insee":"04085","nom_standard":"Faucon-du-Caire","nom_a":null,"nom_de":null,"slug_ville":"faucon-du-caire","departement_id":0,"code_postal":"04250","population":60,"superficie_km2":"2005.54","latitude_centre":"44.3952","longitude_centre":"6.0998","distance_km":7.66},{"id":0,"code_insee":"05115","nom_standard":"Remollon","nom_a":null,"nom_de":null,"slug_ville":"remollon","departement_id":0,"code_postal":"05190","population":469,"superficie_km2":"617.62","latitude_centre":"44.4739","longitude_centre":"6.1567","distance_km":7.99},{"id":0,"code_insee":"05171","nom_standard":"Théus","nom_a":null,"nom_de":null,"slug_ville":"theus","departement_id":0,"code_postal":"05190","population":232,"superficie_km2":"1653.76","latitude_centre":"44.4863","longitude_centre":"6.1951","distance_km":8.77},{"id":0,"code_insee":"04203","nom_standard":"Selonnet","nom_a":null,"nom_de":null,"slug_ville":"selonnet","departement_id":0,"code_postal":"04140","population":443,"superficie_km2":"2975.76","latitude_centre":"44.3713","longitude_centre":"6.299","distance_km":9.21},{"id":0,"code_insee":"04234","nom_standard":"Venterol","nom_a":null,"nom_de":null,"slug_ville":"venterol","departement_id":0,"code_postal":"05130","population":236,"superficie_km2":"2265.05","latitude_centre":"44.4399","longitude_centre":"6.0869","distance_km":9.29},{"id":11172,"code_insee":"04023","nom_standard":"Bayons","nom_a":null,"nom_de":null,"slug_ville":"bayons","departement_id":0,"code_postal":"04250","population":199,"superficie_km2":"12642.94","latitude_centre":"44.3233","longitude_centre":"6.1832","distance_km":9.4},{"id":0,"code_insee":"05050","nom_standard":"Espinasses","nom_a":null,"nom_de":null,"slug_ville":"espinasses","departement_id":0,"code_postal":"05190","population":777,"superficie_km2":"1357.75","latitude_centre":"44.4902","longitude_centre":"6.2371","distance_km":9.8},{"id":0,"code_insee":"04037","nom_standard":"Le Caire","nom_a":null,"nom_de":null,"slug_ville":"le-caire","departement_id":0,"code_postal":"04250","population":80,"superficie_km2":"1770.34","latitude_centre":"44.3776","longitude_centre":"6.0706","distance_km":10.4},{"id":0,"code_insee":"05127","nom_standard":"Rousset-Serre-Ponçon","nom_a":null,"nom_de":null,"slug_ville":"rousset-serre-poncon","departement_id":0,"code_postal":"05190","population":167,"superficie_km2":"1658.94","latitude_centre":"44.4856","longitude_centre":"6.2684","distance_km":10.48},{"id":0,"code_insee":"05176","nom_standard":"Valserres","nom_a":null,"nom_de":null,"slug_ville":"valserres","departement_id":0,"code_postal":"05130","population":289,"superficie_km2":"1130.07","latitude_centre":"44.4921","longitude_centre":"6.1354","distance_km":10.53},{"id":0,"code_insee":"04033","nom_standard":"Ubaye-Serre-Ponçon","nom_a":null,"nom_de":null,"slug_ville":"ubaye-serre-poncon","departement_id":0,"code_postal":"04340","population":786,"superficie_km2":"6757.89","latitude_centre":"44.4447","longitude_centre":"6.319","distance_km":10.71},{"id":0,"code_insee":"05140","nom_standard":"Saint-Étienne-le-Laus","nom_a":null,"nom_de":null,"slug_ville":"saint-etienne-le-laus","departement_id":0,"code_postal":"05130","population":346,"superficie_km2":"861.79","latitude_centre":"44.5075","longitude_centre":"6.1616","distance_km":11.44},{"id":0,"code_insee":"05068","nom_standard":"Jarjayes","nom_a":null,"nom_de":null,"slug_ville":"jarjayes","departement_id":0,"code_postal":"05130","population":465,"superficie_km2":"2294.84","latitude_centre":"44.5038","longitude_centre":"6.1132","distance_km":12.52},{"id":0,"code_insee":"05011","nom_standard":"Avançon","nom_a":null,"nom_de":null,"slug_ville":"avancon","departement_id":0,"code_postal":"05230","population":415,"superficie_km2":"2237.14","latitude_centre":"44.5359","longitude_centre":"6.191","distance_km":14.29}]}