{"ville":{"id":22999,"code_insee":"50046","nom_standard":"Bérigny","nom_a":null,"nom_de":null,"slug_ville":"berigny","departement_id":0,"code_postal":"50810","population":442,"superficie_km2":"1215.46","latitude_centre":"49.1395","longitude_centre":"-0.9435","dep_code":"50","dep_nom":"Manche","dep_slug":"manche","reg_code":"28","reg_nom":"Normandie","reg_slug":"normandie"},"departement":{"code":"50","nom":"Manche","slug":"manche"},"region":{"code":"28","nom":"Normandie","slug":"normandie"},"villes_proches":[{"id":0,"code_insee":"50473","nom_standard":"Saint-Georges-d'Elle","nom_a":null,"nom_de":null,"slug_ville":"saint-georges-d-elle","departement_id":0,"code_postal":"50680","population":380,"superficie_km2":"904.55","latitude_centre":"49.1511","longitude_centre":"-0.9792","distance_km":2.9},{"id":13675,"code_insee":"14369","nom_standard":"Litteau","nom_a":null,"nom_de":null,"slug_ville":"litteau","departement_id":0,"code_postal":"14490","population":271,"superficie_km2":"705.57","latitude_centre":"49.1537","longitude_centre":"-0.9094","distance_km":2.94},{"id":0,"code_insee":"50476","nom_standard":"Saint-Germain-d'Elle","nom_a":null,"nom_de":null,"slug_ville":"saint-germain-d-elle","departement_id":0,"code_postal":"50810","population":209,"superficie_km2":"894.00","latitude_centre":"49.1172","longitude_centre":"-0.9171","distance_km":3.14},{"id":0,"code_insee":"50351","nom_standard":"Montrabot","nom_a":null,"nom_de":null,"slug_ville":"montrabot","departement_id":0,"code_postal":"50810","population":70,"superficie_km2":"388.44","latitude_centre":"49.1096","longitude_centre":"-0.9005","distance_km":4.57},{"id":0,"code_insee":"50538","nom_standard":"Saint-Pierre-de-Semilly","nom_a":null,"nom_de":null,"slug_ville":"saint-pierre-de-semilly","departement_id":0,"code_postal":"50810","population":421,"superficie_km2":"457.48","latitude_centre":"49.1234","longitude_centre":"-1.0026","distance_km":4.66},{"id":13513,"code_insee":"14050","nom_standard":"La Bazoque","nom_a":null,"nom_de":null,"slug_ville":"la-bazoque","departement_id":0,"code_postal":"14490","population":193,"superficie_km2":"1040.76","latitude_centre":"49.1554","longitude_centre":"-0.8797","distance_km":4.97},{"id":13577,"code_insee":"14182","nom_standard":"Cormolain","nom_a":null,"nom_de":null,"slug_ville":"cormolain","departement_id":0,"code_postal":"14240","population":392,"superficie_km2":"1113.35","latitude_centre":"49.1251","longitude_centre":"-0.877","distance_km":5.1},{"id":0,"code_insee":"50492","nom_standard":"Saint-Jean-d'Elle","nom_a":null,"nom_de":null,"slug_ville":"saint-jean-d-elle","departement_id":0,"code_postal":"50810","population":2516,"superficie_km2":"3377.04","latitude_centre":"49.0934","longitude_centre":"-0.9551","distance_km":5.2},{"id":0,"code_insee":"50148","nom_standard":"Couvains","nom_a":null,"nom_de":null,"slug_ville":"couvains","departement_id":0,"code_postal":"50680","population":562,"superficie_km2":"1510.27","latitude_centre":"49.1618","longitude_centre":"-1.0099","distance_km":5.43},{"id":0,"code_insee":"50446","nom_standard":"Saint-André-de-l'Épine","nom_a":null,"nom_de":null,"slug_ville":"saint-andre-de-l-epine","departement_id":0,"code_postal":"50680","population":555,"superficie_km2":"727.12","latitude_centre":"49.1357","longitude_centre":"-1.0232","distance_km":5.81},{"id":13711,"code_insee":"14445","nom_standard":"Montfiquet","nom_a":null,"nom_de":null,"slug_ville":"montfiquet","departement_id":0,"code_postal":"14490","population":81,"superficie_km2":"1986.98","latitude_centre":"49.1887","longitude_centre":"-0.9032","distance_km":6.21},{"id":0,"code_insee":"50032","nom_standard":"La Barre-de-Semilly","nom_a":null,"nom_de":null,"slug_ville":"la-barre-de-semilly","departement_id":0,"code_postal":"50810","population":1029,"superficie_km2":"775.49","latitude_centre":"49.1053","longitude_centre":"-1.0127","distance_km":6.31},{"id":0,"code_insee":"50110","nom_standard":"Cerisy-la-Forêt","nom_a":null,"nom_de":null,"slug_ville":"cerisy-la-foret","departement_id":0,"code_postal":"50680","population":1004,"superficie_km2":"2405.38","latitude_centre":"49.1967","longitude_centre":"-0.938","distance_km":6.37},{"id":0,"code_insee":"50491","nom_standard":"Saint-Jean-de-Savigny","nom_a":null,"nom_de":null,"slug_ville":"saint-jean-de-savigny","departement_id":0,"code_postal":"50680","population":416,"superficie_km2":"761.96","latitude_centre":"49.19","longitude_centre":"-0.996","distance_km":6.79},{"id":0,"code_insee":"50261","nom_standard":"Lamberville","nom_a":null,"nom_de":null,"slug_ville":"lamberville","departement_id":0,"code_postal":"50160","population":167,"superficie_km2":"710.94","latitude_centre":"49.0797","longitude_centre":"-0.914","distance_km":6.99},{"id":0,"code_insee":"50054","nom_standard":"Biéville","nom_a":null,"nom_de":null,"slug_ville":"bieville","departement_id":0,"code_postal":"50160","population":198,"superficie_km2":"556.43","latitude_centre":"49.0739","longitude_centre":"-0.8897","distance_km":8.28},{"id":13797,"code_insee":"14614","nom_standard":"Sainte-Marguerite-d'Elle","nom_a":null,"nom_de":null,"slug_ville":"sainte-marguerite-d-elle","departement_id":0,"code_postal":"14330","population":757,"superficie_km2":"2083.77","latitude_centre":"49.2193","longitude_centre":"-0.9909","distance_km":9.52},{"id":0,"code_insee":"50398","nom_standard":"Le Perron","nom_a":null,"nom_de":null,"slug_ville":"le-perron","departement_id":0,"code_postal":"50160","population":188,"superficie_km2":"472.78","latitude_centre":"49.0572","longitude_centre":"-0.8939","distance_km":9.84},{"id":13843,"code_insee":"14705","nom_standard":"Tournières","nom_a":null,"nom_de":null,"slug_ville":"tournieres","departement_id":0,"code_postal":"14330","population":148,"superficie_km2":"345.25","latitude_centre":"49.2307","longitude_centre":"-0.936","distance_km":10.16},{"id":0,"code_insee":"50444","nom_standard":"Saint-Amand-Villages","nom_a":null,"nom_de":null,"slug_ville":"saint-amand-villages","departement_id":0,"code_postal":"50160","population":2525,"superficie_km2":"3842.03","latitude_centre":"49.0411","longitude_centre":"-0.9306","distance_km":10.98}]}