{"ville":{"id":10265,"code_insee":"02084","nom_standard":"Bézu-le-Guéry","nom_a":null,"nom_de":null,"slug_ville":"bezu-le-guery","departement_id":0,"code_postal":"02310","population":248,"superficie_km2":"1119.84","latitude_centre":"49.0101","longitude_centre":"3.2283","dep_code":"02","dep_nom":"Aisne","dep_slug":"aisne","reg_code":"32","reg_nom":"Hauts-de-France","reg_slug":"hauts-de-france"},"departement":{"code":"02","nom":"Aisne","slug":"aisne"},"region":{"code":"32","nom":"Hauts-de-France","slug":"hauts-de-france"},"villes_proches":[{"id":0,"code_insee":"02818","nom_standard":"Villiers-Saint-Denis","nom_a":null,"nom_de":null,"slug_ville":"villiers-saint-denis","departement_id":0,"code_postal":"02310","population":997,"superficie_km2":"762.95","latitude_centre":"48.9978","longitude_centre":"3.2621","distance_km":2.82},{"id":0,"code_insee":"02521","nom_standard":"Montreuil-aux-Lions","nom_a":null,"nom_de":null,"slug_ville":"montreuil-aux-lions","departement_id":0,"code_postal":"02310","population":1305,"superficie_km2":"1300.71","latitude_centre":"49.0258","longitude_centre":"3.1973","distance_km":2.86},{"id":0,"code_insee":"02268","nom_standard":"Domptin","nom_a":null,"nom_de":null,"slug_ville":"domptin","departement_id":0,"code_postal":"02310","population":654,"superficie_km2":"453.02","latitude_centre":"49.0151","longitude_centre":"3.2705","distance_km":3.13},{"id":0,"code_insee":"77331","nom_standard":"Nanteuil-sur-Marne","nom_a":null,"nom_de":null,"slug_ville":"nanteuil-sur-marne","departement_id":0,"code_postal":"77730","population":406,"superficie_km2":"125.86","latitude_centre":"48.98","longitude_centre":"3.2204","distance_km":3.4},{"id":0,"code_insee":"02242","nom_standard":"Crouttes-sur-Marne","nom_a":null,"nom_de":null,"slug_ville":"crouttes-sur-marne","departement_id":0,"code_postal":"02310","population":591,"superficie_km2":"433.71","latitude_centre":"48.9775","longitude_centre":"3.247","distance_km":3.87},{"id":0,"code_insee":"77401","nom_standard":"Sainte-Aulde","nom_a":null,"nom_de":null,"slug_ville":"sainte-aulde","departement_id":0,"code_postal":"77260","population":706,"superficie_km2":"861.96","latitude_centre":"49.0049","longitude_centre":"3.1731","distance_km":4.07},{"id":0,"code_insee":"02221","nom_standard":"Coupru","nom_a":null,"nom_de":null,"slug_ville":"coupru","departement_id":0,"code_postal":"02310","population":161,"superficie_km2":"781.98","latitude_centre":"49.0304","longitude_centre":"3.2749","distance_km":4.08},{"id":0,"code_insee":"77290","nom_standard":"Méry-sur-Marne","nom_a":null,"nom_de":null,"slug_ville":"mery-sur-marne","departement_id":0,"code_postal":"77730","population":679,"superficie_km2":"573.91","latitude_centre":"48.9734","longitude_centre":"3.2051","distance_km":4.42},{"id":0,"code_insee":"02465","nom_standard":"Marigny-en-Orxois","nom_a":null,"nom_de":null,"slug_ville":"marigny-en-orxois","departement_id":0,"code_postal":"02810","population":530,"superficie_km2":"1553.69","latitude_centre":"49.0551","longitude_centre":"3.2195","distance_km":5.04},{"id":0,"code_insee":"77265","nom_standard":"Luzancy","nom_a":null,"nom_de":null,"slug_ville":"luzancy","departement_id":0,"code_postal":"77138","population":1036,"superficie_km2":"660.95","latitude_centre":"48.9754","longitude_centre":"3.1791","distance_km":5.27},{"id":0,"code_insee":"77157","nom_standard":"Dhuisy","nom_a":null,"nom_de":null,"slug_ville":"dhuisy","departement_id":0,"code_postal":"77440","population":334,"superficie_km2":"813.99","latitude_centre":"49.0365","longitude_centre":"3.1644","distance_km":5.51},{"id":0,"code_insee":"77117","nom_standard":"Citry","nom_a":null,"nom_de":null,"slug_ville":"citry","departement_id":0,"code_postal":"77730","population":922,"superficie_km2":"505.16","latitude_centre":"48.961","longitude_centre":"3.2462","distance_km":5.61},{"id":0,"code_insee":"02163","nom_standard":"Charly-sur-Marne","nom_a":null,"nom_de":null,"slug_ville":"charly-sur-marne","departement_id":0,"code_postal":"02310","population":2594,"superficie_km2":"2063.73","latitude_centre":"48.9821","longitude_centre":"3.2936","distance_km":5.69},{"id":0,"code_insee":"02443","nom_standard":"Lucy-le-Bocage","nom_a":null,"nom_de":null,"slug_ville":"lucy-le-bocage","departement_id":0,"code_postal":"02400","population":202,"superficie_km2":"767.75","latitude_centre":"49.0556","longitude_centre":"3.2755","distance_km":6.12},{"id":0,"code_insee":"77397","nom_standard":"Saâcy-sur-Marne","nom_a":null,"nom_de":null,"slug_ville":"saacy-sur-marne","departement_id":0,"code_postal":"77730","population":1878,"superficie_km2":"1362.40","latitude_centre":"48.9524","longitude_centre":"3.2128","distance_km":6.51},{"id":0,"code_insee":"02596","nom_standard":"Pavant","nom_a":null,"nom_de":null,"slug_ville":"pavant","departement_id":0,"code_postal":"02310","population":745,"superficie_km2":"539.26","latitude_centre":"48.9552","longitude_centre":"3.2843","distance_km":7.35},{"id":0,"code_insee":"02137","nom_standard":"Bussiares","nom_a":null,"nom_de":null,"slug_ville":"bussiares","departement_id":0,"code_postal":"02810","population":126,"superficie_km2":"767.63","latitude_centre":"49.0749","longitude_centre":"3.2501","distance_km":7.38},{"id":0,"code_insee":"77204","nom_standard":"Germigny-sous-Coulombs","nom_a":null,"nom_de":null,"slug_ville":"germigny-sous-coulombs","departement_id":0,"code_postal":"77840","population":201,"superficie_km2":"654.03","latitude_centre":"49.0638","longitude_centre":"3.1627","distance_km":7.65},{"id":0,"code_insee":"02792","nom_standard":"Veuilly-la-Poterie","nom_a":null,"nom_de":null,"slug_ville":"veuilly-la-poterie","departement_id":0,"code_postal":"02810","population":155,"superficie_km2":"746.38","latitude_centre":"49.0814","longitude_centre":"3.2185","distance_km":7.96},{"id":0,"code_insee":"77057","nom_standard":"Bussières","nom_a":null,"nom_de":null,"slug_ville":"bussieres","departement_id":0,"code_postal":"77750","population":600,"superficie_km2":"835.32","latitude_centre":"48.9286","longitude_centre":"3.2346","distance_km":9.07}]}