{"ville":{"id":10272,"code_insee":"02094","nom_standard":"Blesmes","nom_a":null,"nom_de":null,"slug_ville":"blesmes","departement_id":0,"code_postal":"02400","population":474,"superficie_km2":"983.13","latitude_centre":"49.0258","longitude_centre":"3.4628","dep_code":"02","dep_nom":"Aisne","dep_slug":"aisne","reg_code":"32","reg_nom":"Hauts-de-France","reg_slug":"hauts-de-france"},"departement":{"code":"02","nom":"Aisne","slug":"aisne"},"region":{"code":"32","nom":"Hauts-de-France","slug":"hauts-de-france"},"villes_proches":[{"id":0,"code_insee":"02328","nom_standard":"Fossoy","nom_a":null,"nom_de":null,"slug_ville":"fossoy","departement_id":0,"code_postal":"02650","population":535,"superficie_km2":"749.76","latitude_centre":"49.0426","longitude_centre":"3.4821","distance_km":2.34},{"id":0,"code_insee":"02187","nom_standard":"Chierry","nom_a":null,"nom_de":null,"slug_ville":"chierry","departement_id":0,"code_postal":"02400","population":1195,"superficie_km2":"284.87","latitude_centre":"49.0326","longitude_centre":"3.4321","distance_km":2.36},{"id":0,"code_insee":"02540","nom_standard":"Nesles-la-Montagne","nom_a":null,"nom_de":null,"slug_ville":"nesles-la-montagne","departement_id":0,"code_postal":"02400","population":1189,"superficie_km2":"1730.11","latitude_centre":"49.0008","longitude_centre":"3.4486","distance_km":2.97},{"id":0,"code_insee":"02292","nom_standard":"Étampes-sur-Marne","nom_a":null,"nom_de":null,"slug_ville":"etampes-sur-marne","departement_id":0,"code_postal":"02400","population":1329,"superficie_km2":"219.35","latitude_centre":"49.0319","longitude_centre":"3.4175","distance_km":3.37},{"id":0,"code_insee":"02347","nom_standard":"Gland","nom_a":null,"nom_de":null,"slug_ville":"gland","departement_id":0,"code_postal":"02400","population":425,"superficie_km2":"559.39","latitude_centre":"49.059","longitude_centre":"3.4602","distance_km":3.7},{"id":0,"code_insee":"02677","nom_standard":"Saint-Eugène","nom_a":null,"nom_de":null,"slug_ville":"saint-eugene","departement_id":0,"code_postal":"02330","population":232,"superficie_km2":"696.57","latitude_centre":"49.0155","longitude_centre":"3.5173","distance_km":4.14},{"id":0,"code_insee":"02239","nom_standard":"Crézancy","nom_a":null,"nom_de":null,"slug_ville":"crezancy","departement_id":0,"code_postal":"02650","population":1166,"superficie_km2":"711.19","latitude_centre":"49.0405","longitude_centre":"3.5169","distance_km":4.27},{"id":0,"code_insee":"02554","nom_standard":"Nogentel","nom_a":null,"nom_de":null,"slug_ville":"nogentel","departement_id":0,"code_postal":"02400","population":1106,"superficie_km2":"691.41","latitude_centre":"49.0152","longitude_centre":"3.4042","distance_km":4.43},{"id":0,"code_insee":"02114","nom_standard":"Brasles","nom_a":null,"nom_de":null,"slug_ville":"brasles","departement_id":0,"code_postal":"02400","population":1788,"superficie_km2":"733.79","latitude_centre":"49.0579","longitude_centre":"3.4195","distance_km":4.76},{"id":0,"code_insee":"02223","nom_standard":"Courboin","nom_a":null,"nom_de":null,"slug_ville":"courboin","departement_id":0,"code_postal":"02330","population":304,"superficie_km2":"1404.83","latitude_centre":"48.9956","longitude_centre":"3.5127","distance_km":4.95},{"id":0,"code_insee":"02213","nom_standard":"Connigis","nom_a":null,"nom_de":null,"slug_ville":"connigis","departement_id":0,"code_postal":"02330","population":306,"superficie_km2":"549.66","latitude_centre":"49.0357","longitude_centre":"3.532","distance_km":5.16},{"id":0,"code_insee":"02484","nom_standard":"Mézy-Moulins","nom_a":null,"nom_de":null,"slug_ville":"mezy-moulins","departement_id":0,"code_postal":"02650","population":558,"superficie_km2":"452.67","latitude_centre":"49.0634","longitude_centre":"3.5125","distance_km":5.53},{"id":0,"code_insee":"02781","nom_standard":"Verdilly","nom_a":null,"nom_de":null,"slug_ville":"verdilly","departement_id":0,"code_postal":"02400","population":443,"superficie_km2":"522.92","latitude_centre":"49.0746","longitude_centre":"3.4231","distance_km":6.15},{"id":0,"code_insee":"02524","nom_standard":"Mont-Saint-Père","nom_a":null,"nom_de":null,"slug_ville":"mont-saint-pere","departement_id":0,"code_postal":"02400","population":684,"superficie_km2":"1052.21","latitude_centre":"49.0809","longitude_centre":"3.4776","distance_km":6.22},{"id":0,"code_insee":"02186","nom_standard":"Chézy-sur-Marne","nom_a":null,"nom_de":null,"slug_ville":"chezy-sur-marne","departement_id":0,"code_postal":"02570","population":1296,"superficie_km2":"2258.72","latitude_centre":"48.9857","longitude_centre":"3.3882","distance_km":7.04},{"id":0,"code_insee":"02289","nom_standard":"Essises","nom_a":null,"nom_de":null,"slug_ville":"essises","departement_id":0,"code_postal":"02570","population":399,"superficie_km2":"753.50","latitude_centre":"48.9674","longitude_centre":"3.4162","distance_km":7.33},{"id":0,"code_insee":"02166","nom_standard":"Chartèves","nom_a":null,"nom_de":null,"slug_ville":"charteves","departement_id":0,"code_postal":"02400","population":361,"superficie_km2":"887.05","latitude_centre":"49.0894","longitude_centre":"3.504","distance_km":7.68},{"id":0,"code_insee":"02800","nom_standard":"Viffort","nom_a":null,"nom_de":null,"slug_ville":"viffort","departement_id":0,"code_postal":"02540","population":310,"superficie_km2":"1006.15","latitude_centre":"48.9555","longitude_centre":"3.4663","distance_km":7.82},{"id":0,"code_insee":"02280","nom_standard":"Épieds","nom_a":null,"nom_de":null,"slug_ville":"epieds","departement_id":0,"code_postal":"02400","population":395,"superficie_km2":"1910.29","latitude_centre":"49.1023","longitude_centre":"3.4579","distance_km":8.51},{"id":0,"code_insee":"02505","nom_standard":"Montfaucon","nom_a":null,"nom_de":null,"slug_ville":"montfaucon","departement_id":0,"code_postal":"02540","population":209,"superficie_km2":"1536.95","latitude_centre":"48.9501","longitude_centre":"3.4312","distance_km":8.73}]}