{"ville":{"id":23010,"code_insee":"50069","nom_standard":"Bourguenolles","nom_a":null,"nom_de":null,"slug_ville":"bourguenolles","departement_id":0,"code_postal":"50800","population":349,"superficie_km2":"766.68","latitude_centre":"48.7944","longitude_centre":"-1.2892","dep_code":"50","dep_nom":"Manche","dep_slug":"manche","reg_code":"28","reg_nom":"Normandie","reg_slug":"normandie"},"departement":{"code":"50","nom":"Manche","slug":"manche"},"region":{"code":"28","nom":"Normandie","slug":"normandie"},"villes_proches":[{"id":0,"code_insee":"50262","nom_standard":"La Lande-d'Airou","nom_a":null,"nom_de":null,"slug_ville":"la-lande-d-airou","departement_id":0,"code_postal":"50800","population":535,"superficie_km2":"1517.71","latitude_centre":"48.8171","longitude_centre":"-1.2835","distance_km":2.56},{"id":0,"code_insee":"50607","nom_standard":"La Trinité","nom_a":null,"nom_de":null,"slug_ville":"la-trinite","departement_id":0,"code_postal":"50800","population":405,"superficie_km2":"920.43","latitude_centre":"48.7871","longitude_centre":"-1.2438","distance_km":3.42},{"id":0,"code_insee":"50590","nom_standard":"Le Tanu","nom_a":null,"nom_de":null,"slug_ville":"le-tanu","departement_id":0,"code_postal":"50320","population":430,"superficie_km2":"1025.27","latitude_centre":"48.8052","longitude_centre":"-1.3338","distance_km":3.48},{"id":0,"code_insee":"50112","nom_standard":"La Chaise-Baudouin","nom_a":null,"nom_de":null,"slug_ville":"la-chaise-baudouin","departement_id":0,"code_postal":"50370","population":435,"superficie_km2":"1215.85","latitude_centre":"48.764","longitude_centre":"-1.2442","distance_km":4.72},{"id":0,"code_insee":"50361","nom_standard":"La Mouche","nom_a":null,"nom_de":null,"slug_ville":"la-mouche","departement_id":0,"code_postal":"50320","population":249,"superficie_km2":"458.38","latitude_centre":"48.7831","longitude_centre":"-1.3514","distance_km":4.73},{"id":0,"code_insee":"50535","nom_standard":"Le Parc","nom_a":null,"nom_de":null,"slug_ville":"le-parc","departement_id":0,"code_postal":"50870","population":921,"superficie_km2":"2278.36","latitude_centre":"48.7515","longitude_centre":"-1.2904","distance_km":4.77},{"id":0,"code_insee":"50282","nom_standard":"Le Luot","nom_a":null,"nom_de":null,"slug_ville":"le-luot","departement_id":0,"code_postal":"50870","population":275,"superficie_km2":"853.11","latitude_centre":"48.7621","longitude_centre":"-1.3329","distance_km":4.81},{"id":0,"code_insee":"50639","nom_standard":"Villedieu-les-Poêles-Rouffigny","nom_a":null,"nom_de":null,"slug_ville":"villedieu-les-poeles-rouffigny","departement_id":0,"code_postal":"50800","population":3903,"superficie_km2":"1468.87","latitude_centre":"48.8247","longitude_centre":"-1.2399","distance_km":4.94},{"id":0,"code_insee":"50118","nom_standard":"Champrepus","nom_a":null,"nom_de":null,"slug_ville":"champrepus","departement_id":0,"code_postal":"50800","population":322,"superficie_km2":"915.02","latitude_centre":"48.8357","longitude_centre":"-1.3188","distance_km":5.08},{"id":0,"code_insee":"50185","nom_standard":"Fleury","nom_a":null,"nom_de":null,"slug_ville":"fleury","departement_id":0,"code_postal":"50800","population":1101,"superficie_km2":"1272.27","latitude_centre":"48.8497","longitude_centre":"-1.2649","distance_km":6.4},{"id":0,"code_insee":"50237","nom_standard":"La Haye-Pesnel","nom_a":null,"nom_de":null,"slug_ville":"la-haye-pesnel","departement_id":0,"code_postal":"50320","population":1302,"superficie_km2":"634.78","latitude_centre":"48.8134","longitude_centre":"-1.3732","distance_km":6.5},{"id":0,"code_insee":"50130","nom_standard":"Chérencé-le-Héron","nom_a":null,"nom_de":null,"slug_ville":"cherence-le-heron","departement_id":0,"code_postal":"50800","population":436,"superficie_km2":"963.15","latitude_centre":"48.8011","longitude_centre":"-1.2009","distance_km":6.51},{"id":0,"code_insee":"50584","nom_standard":"Subligny","nom_a":null,"nom_de":null,"slug_ville":"subligny","departement_id":0,"code_postal":"50870","population":375,"superficie_km2":"795.76","latitude_centre":"48.7533","longitude_centre":"-1.3589","distance_km":6.85},{"id":0,"code_insee":"50126","nom_standard":"Chavoy","nom_a":null,"nom_de":null,"slug_ville":"chavoy","departement_id":0,"code_postal":"50870","population":126,"superficie_km2":"373.35","latitude_centre":"48.7368","longitude_centre":"-1.3346","distance_km":7.22},{"id":22993,"code_insee":"50038","nom_standard":"Beauchamps","nom_a":null,"nom_de":null,"slug_ville":"beauchamps","departement_id":0,"code_postal":"50320","population":441,"superficie_km2":"415.96","latitude_centre":"48.8362","longitude_centre":"-1.3667","distance_km":7.34},{"id":0,"code_insee":"50311","nom_standard":"Le Mesnil-Garnier","nom_a":null,"nom_de":null,"slug_ville":"le-mesnil-garnier","departement_id":0,"code_postal":"50450","population":220,"superficie_km2":"1049.19","latitude_centre":"48.8639","longitude_centre":"-1.3035","distance_km":7.8},{"id":0,"code_insee":"50472","nom_standard":"Saint-Georges-de-Livoye","nom_a":null,"nom_de":null,"slug_ville":"saint-georges-de-livoye","departement_id":0,"code_postal":"50370","population":204,"superficie_km2":"557.32","latitude_centre":"48.7395","longitude_centre":"-1.2211","distance_km":7.89},{"id":0,"code_insee":"50597","nom_standard":"Tirepied-sur-Sée","nom_a":null,"nom_de":null,"slug_ville":"tirepied-sur-see","departement_id":0,"code_postal":"50300","population":957,"superficie_km2":"2288.00","latitude_centre":"48.721","longitude_centre":"-1.2756","distance_km":8.22},{"id":0,"code_insee":"50326","nom_standard":"Le Mesnil-Villeman","nom_a":null,"nom_de":null,"slug_ville":"le-mesnil-villeman","departement_id":0,"code_postal":"50450","population":238,"superficie_km2":"1089.98","latitude_centre":"48.8603","longitude_centre":"-1.3414","distance_km":8.26},{"id":23007,"code_insee":"50060","nom_standard":"La Bloutière","nom_a":null,"nom_de":null,"slug_ville":"la-bloutiere","departement_id":0,"code_postal":"50800","population":423,"superficie_km2":"937.38","latitude_centre":"48.869","longitude_centre":"-1.2511","distance_km":8.75}]}