{"ville":{"id":23403,"code_insee":"51099","nom_standard":"Bussy-Lettrée","nom_a":null,"nom_de":null,"slug_ville":"bussy-lettree","departement_id":0,"code_postal":"51320","population":307,"superficie_km2":"3358.02","latitude_centre":"48.8079","longitude_centre":"4.2445","dep_code":"51","dep_nom":"Marne","dep_slug":"marne","reg_code":"44","reg_nom":"Grand Est","reg_slug":"grand-est"},"departement":{"code":"51","nom":"Marne","slug":"marne"},"region":{"code":"44","nom":"Grand Est","slug":"grand-est"},"villes_proches":[{"id":0,"code_insee":"51595","nom_standard":"Vatry","nom_a":null,"nom_de":null,"slug_ville":"vatry","departement_id":0,"code_postal":"51320","population":143,"superficie_km2":"846.11","latitude_centre":"48.8234","longitude_centre":"4.2379","distance_km":1.79},{"id":0,"code_insee":"51556","nom_standard":"Soudron","nom_a":null,"nom_de":null,"slug_ville":"soudron","departement_id":0,"code_postal":"51320","population":300,"superficie_km2":"4302.37","latitude_centre":"48.8336","longitude_centre":"4.1959","distance_km":4.56},{"id":0,"code_insee":"51212","nom_standard":"Dommartin-Lettrée","nom_a":null,"nom_de":null,"slug_ville":"dommartin-lettree","departement_id":0,"code_postal":"51320","population":165,"superficie_km2":"3263.95","latitude_centre":"48.7677","longitude_centre":"4.2849","distance_km":5.36},{"id":23392,"code_insee":"51087","nom_standard":"Breuvery-sur-Coole","nom_a":null,"nom_de":null,"slug_ville":"breuvery-sur-coole","departement_id":0,"code_postal":"51240","population":207,"superficie_km2":"1017.54","latitude_centre":"48.854","longitude_centre":"4.3032","distance_km":6.69},{"id":0,"code_insee":"51106","nom_standard":"Cernon","nom_a":null,"nom_de":null,"slug_ville":"cernon","departement_id":0,"code_postal":"51240","population":131,"superficie_km2":"1607.93","latitude_centre":"48.8307","longitude_centre":"4.3426","distance_km":7.62},{"id":0,"code_insee":"51409","nom_standard":"Nuisement-sur-Coole","nom_a":null,"nom_de":null,"slug_ville":"nuisement-sur-coole","departement_id":0,"code_postal":"51240","population":384,"superficie_km2":"1522.55","latitude_centre":"48.8703","longitude_centre":"4.2889","distance_km":7.66},{"id":0,"code_insee":"51512","nom_standard":"Saint-Quentin-sur-Coole","nom_a":null,"nom_de":null,"slug_ville":"saint-quentin-sur-coole","departement_id":0,"code_postal":"51240","population":104,"superficie_km2":"877.56","latitude_centre":"48.8486","longitude_centre":"4.3299","distance_km":7.72},{"id":0,"code_insee":"51178","nom_standard":"Coupetz","nom_a":null,"nom_de":null,"slug_ville":"coupetz","departement_id":0,"code_postal":"51240","population":88,"superficie_km2":"1054.71","latitude_centre":"48.813","longitude_centre":"4.3501","distance_km":7.75},{"id":0,"code_insee":"51545","nom_standard":"Sommesous","nom_a":null,"nom_de":null,"slug_ville":"sommesous","departement_id":0,"code_postal":"51320","population":467,"superficie_km2":"3687.28","latitude_centre":"48.7393","longitude_centre":"4.2075","distance_km":8.1},{"id":0,"code_insee":"51638","nom_standard":"Villeseneux","nom_a":null,"nom_de":null,"slug_ville":"villeseneux","departement_id":0,"code_postal":"51130","population":199,"superficie_km2":"2590.87","latitude_centre":"48.8414","longitude_centre":"4.1423","distance_km":8.36},{"id":0,"code_insee":"51285","nom_standard":"Haussimont","nom_a":null,"nom_de":null,"slug_ville":"haussimont","departement_id":0,"code_postal":"51320","population":139,"superficie_km2":"1747.46","latitude_centre":"48.7472","longitude_centre":"4.1752","distance_km":8.45},{"id":0,"code_insee":"51146","nom_standard":"Cheniers","nom_a":null,"nom_de":null,"slug_ville":"cheniers","departement_id":0,"code_postal":"51510","population":125,"superficie_km2":"1538.59","latitude_centre":"48.8884","longitude_centre":"4.2464","distance_km":8.95},{"id":0,"code_insee":"51594","nom_standard":"Vassimont-et-Chapelaine","nom_a":null,"nom_de":null,"slug_ville":"vassimont-et-chapelaine","departement_id":0,"code_postal":"51320","population":62,"superficie_km2":"2156.62","latitude_centre":"48.7605","longitude_centre":"4.1439","distance_km":9.06},{"id":0,"code_insee":"51555","nom_standard":"Soudé","nom_a":null,"nom_de":null,"slug_ville":"soude","departement_id":0,"code_postal":"51320","population":149,"superficie_km2":"3234.54","latitude_centre":"48.7299","longitude_centre":"4.3011","distance_km":9.61},{"id":0,"code_insee":"51268","nom_standard":"Germinon","nom_a":null,"nom_de":null,"slug_ville":"germinon","departement_id":0,"code_postal":"51130","population":190,"superficie_km2":"1954.28","latitude_centre":"48.8873","longitude_centre":"4.1833","distance_km":9.9},{"id":0,"code_insee":"51227","nom_standard":"Écury-sur-Coole","nom_a":null,"nom_de":null,"slug_ville":"ecury-sur-coole","departement_id":0,"code_postal":"51240","population":492,"superficie_km2":"1823.28","latitude_centre":"48.898","longitude_centre":"4.3369","distance_km":12.09},{"id":0,"code_insee":"51566","nom_standard":"Thibie","nom_a":null,"nom_de":null,"slug_ville":"thibie","departement_id":0,"code_postal":"51510","population":291,"superficie_km2":"1047.86","latitude_centre":"48.9168","longitude_centre":"4.2076","distance_km":12.41},{"id":0,"code_insee":"51168","nom_standard":"Coolus","nom_a":null,"nom_de":null,"slug_ville":"coolus","departement_id":0,"code_postal":"51510","population":235,"superficie_km2":"1316.56","latitude_centre":"48.9142","longitude_centre":"4.3174","distance_km":12.97},{"id":12756,"code_insee":"10293","nom_standard":"Poivres","nom_a":null,"nom_de":null,"slug_ville":"poivres","departement_id":0,"code_postal":"10700","population":154,"superficie_km2":"4248.71","latitude_centre":"48.684","longitude_centre":"4.2783","distance_km":14.0},{"id":0,"code_insee":"51509","nom_standard":"Saint-Pierre","nom_a":null,"nom_de":null,"slug_ville":"saint-pierre","departement_id":0,"code_postal":"51510","population":293,"superficie_km2":"1022.58","latitude_centre":"48.939","longitude_centre":"4.2467","distance_km":14.58}]}