{"ville":{"id":11346,"code_insee":"05028","nom_standard":"Chabestan","nom_a":null,"nom_de":null,"slug_ville":"chabestan","departement_id":0,"code_postal":"05400","population":173,"superficie_km2":"1233.31","latitude_centre":"44.4793","longitude_centre":"5.7832","dep_code":"05","dep_nom":"Hautes-Alpes","dep_slug":"hautes-alpes","reg_code":"93","reg_nom":"Provence-Alpes-Côte d'Azur","reg_slug":"provence-alpes-cote-d-azur"},"departement":{"code":"05","nom":"Hautes-Alpes","slug":"hautes-alpes"},"region":{"code":"93","nom":"Provence-Alpes-Côte d'Azur","slug":"provence-alpes-cote-d-azur"},"villes_proches":[{"id":0,"code_insee":"05099","nom_standard":"Oze","nom_a":null,"nom_de":null,"slug_ville":"oze","departement_id":0,"code_postal":"05400","population":103,"superficie_km2":"1206.09","latitude_centre":"44.5057","longitude_centre":"5.798","distance_km":3.16},{"id":11337,"code_insee":"05016","nom_standard":"La Bâtie-Montsaléon","nom_a":null,"nom_de":null,"slug_ville":"la-batie-montsaleon","departement_id":0,"code_postal":"05700","population":304,"superficie_km2":"1505.35","latitude_centre":"44.4565","longitude_centre":"5.7483","distance_km":3.75},{"id":0,"code_insee":"05158","nom_standard":"Le Saix","nom_a":null,"nom_de":null,"slug_ville":"le-saix","departement_id":0,"code_postal":"05400","population":126,"superficie_km2":"2240.08","latitude_centre":"44.4655","longitude_centre":"5.8402","distance_km":4.78},{"id":0,"code_insee":"05131","nom_standard":"Saint-Auban-d'Oze","nom_a":null,"nom_de":null,"slug_ville":"saint-auban-d-oze","departement_id":0,"code_postal":"05400","population":75,"superficie_km2":"1334.69","latitude_centre":"44.4874","longitude_centre":"5.8458","distance_km":5.05},{"id":11330,"code_insee":"05008","nom_standard":"Aspremont","nom_a":null,"nom_de":null,"slug_ville":"aspremont","departement_id":0,"code_postal":"05140","population":364,"superficie_km2":"1867.25","latitude_centre":"44.4934","longitude_centre":"5.7154","distance_km":5.6},{"id":0,"code_insee":"05165","nom_standard":"Savournon","nom_a":null,"nom_de":null,"slug_ville":"savournon","departement_id":0,"code_postal":"05700","population":242,"superficie_km2":"3948.51","latitude_centre":"44.4234","longitude_centre":"5.7965","distance_km":6.3},{"id":11340,"code_insee":"05021","nom_standard":"Le Bersac","nom_a":null,"nom_de":null,"slug_ville":"le-bersac","departement_id":0,"code_postal":"05700","population":146,"superficie_km2":"803.27","latitude_centre":"44.4078","longitude_centre":"5.7537","distance_km":8.29},{"id":0,"code_insee":"05166","nom_standard":"Serres","nom_a":null,"nom_de":null,"slug_ville":"serres","departement_id":0,"code_postal":"05700","population":1298,"superficie_km2":"1842.96","latitude_centre":"44.4224","longitude_centre":"5.7142","distance_km":8.37},{"id":0,"code_insee":"05167","nom_standard":"Sigottier","nom_a":null,"nom_de":null,"slug_ville":"sigottier","departement_id":0,"code_postal":"05700","population":82,"superficie_km2":"2542.03","latitude_centre":"44.4601","longitude_centre":"5.6808","distance_km":8.4},{"id":0,"code_insee":"05049","nom_standard":"Esparron","nom_a":null,"nom_de":null,"slug_ville":"esparron","departement_id":0,"code_postal":"05110","population":53,"superficie_km2":"2425.84","latitude_centre":"44.4597","longitude_centre":"5.8875","distance_km":8.56},{"id":11332,"code_insee":"05010","nom_standard":"Aspres-sur-Buëch","nom_a":null,"nom_de":null,"slug_ville":"aspres-sur-buech","departement_id":0,"code_postal":"05140","population":828,"superficie_km2":"4262.00","latitude_centre":"44.5565","longitude_centre":"5.7695","distance_km":8.65},{"id":0,"code_insee":"05154","nom_standard":"Saint-Pierre-d'Argençon","nom_a":null,"nom_de":null,"slug_ville":"saint-pierre-d-argencon","departement_id":0,"code_postal":"05140","population":150,"superficie_km2":"1950.56","latitude_centre":"44.5204","longitude_centre":"5.6868","distance_km":8.91},{"id":0,"code_insee":"05179","nom_standard":"Veynes","nom_a":null,"nom_de":null,"slug_ville":"veynes","departement_id":0,"code_postal":"05400","population":3214,"superficie_km2":"4368.97","latitude_centre":"44.5599","longitude_centre":"5.8227","distance_km":9.49},{"id":0,"code_insee":"05060","nom_standard":"Furmeyer","nom_a":null,"nom_de":null,"slug_ville":"furmeyer","departement_id":0,"code_postal":"05400","population":169,"superficie_km2":"1422.99","latitude_centre":"44.5379","longitude_centre":"5.8751","distance_km":9.78},{"id":0,"code_insee":"05035","nom_standard":"Châteauneuf-d'Oze","nom_a":null,"nom_de":null,"slug_ville":"chateauneuf-d-oze","departement_id":0,"code_postal":"05400","population":30,"superficie_km2":"2665.32","latitude_centre":"44.503","longitude_centre":"5.9028","distance_km":9.85},{"id":11335,"code_insee":"05013","nom_standard":"Barcillonnette","nom_a":null,"nom_de":null,"slug_ville":"barcillonnette","departement_id":0,"code_postal":"05110","population":148,"superficie_km2":"1970.65","latitude_centre":"44.4333","longitude_centre":"5.8973","distance_km":10.4},{"id":0,"code_insee":"05089","nom_standard":"Montrond","nom_a":null,"nom_de":null,"slug_ville":"montrond","departement_id":0,"code_postal":"05700","population":90,"superficie_km2":"440.65","latitude_centre":"44.3878","longitude_centre":"5.7453","distance_km":10.61},{"id":0,"code_insee":"05055","nom_standard":"La Faurie","nom_a":null,"nom_de":null,"slug_ville":"la-faurie","departement_id":0,"code_postal":"05140","population":287,"superficie_km2":"3143.00","latitude_centre":"44.5751","longitude_centre":"5.7378","distance_km":11.24},{"id":0,"code_insee":"05076","nom_standard":"Méreuil","nom_a":null,"nom_de":null,"slug_ville":"mereuil","departement_id":0,"code_postal":"05700","population":108,"superficie_km2":"1103.94","latitude_centre":"44.385","longitude_centre":"5.7133","distance_km":11.86},{"id":0,"code_insee":"05053","nom_standard":"Garde-Colombe","nom_a":null,"nom_de":null,"slug_ville":"garde-colombe","departement_id":0,"code_postal":"05300","population":539,"superficie_km2":"3482.84","latitude_centre":"44.3602","longitude_centre":"5.7865","distance_km":13.25}]}