{"ville":{"id":11350,"code_insee":"05033","nom_standard":"Chanousse","nom_a":null,"nom_de":null,"slug_ville":"chanousse","departement_id":0,"code_postal":"05700","population":39,"superficie_km2":"2050.07","latitude_centre":"44.3648","longitude_centre":"5.6592","dep_code":"05","dep_nom":"Hautes-Alpes","dep_slug":"hautes-alpes","reg_code":"93","reg_nom":"Provence-Alpes-Côte d'Azur","reg_slug":"provence-alpes-cote-d-azur"},"departement":{"code":"05","nom":"Hautes-Alpes","slug":"hautes-alpes"},"region":{"code":"93","nom":"Provence-Alpes-Côte d'Azur","slug":"provence-alpes-cote-d-azur"},"villes_proches":[{"id":0,"code_insee":"05086","nom_standard":"Montjay","nom_a":null,"nom_de":null,"slug_ville":"montjay","departement_id":0,"code_postal":"05150","population":104,"superficie_km2":"2707.51","latitude_centre":"44.3668","longitude_centre":"5.6194","distance_km":3.17},{"id":0,"code_insee":"05076","nom_standard":"Méreuil","nom_a":null,"nom_de":null,"slug_ville":"mereuil","departement_id":0,"code_postal":"05700","population":108,"superficie_km2":"1103.94","latitude_centre":"44.385","longitude_centre":"5.7133","distance_km":4.85},{"id":0,"code_insee":"05051","nom_standard":"Étoile-Saint-Cyrice","nom_a":null,"nom_de":null,"slug_ville":"etoile-saint-cyrice","departement_id":0,"code_postal":"05700","population":23,"superficie_km2":"1437.41","latitude_centre":"44.3217","longitude_centre":"5.6426","distance_km":4.97},{"id":0,"code_insee":"05081","nom_standard":"Montclus","nom_a":null,"nom_de":null,"slug_ville":"montclus","departement_id":0,"code_postal":"05700","population":54,"superficie_km2":"2143.41","latitude_centre":"44.4119","longitude_centre":"5.6673","distance_km":5.28},{"id":0,"code_insee":"05172","nom_standard":"Trescléoux","nom_a":null,"nom_de":null,"slug_ville":"trescleoux","departement_id":0,"code_postal":"05700","population":296,"superficie_km2":"1868.83","latitude_centre":"44.3522","longitude_centre":"5.7249","distance_km":5.41},{"id":0,"code_insee":"05097","nom_standard":"Orpierre","nom_a":null,"nom_de":null,"slug_ville":"orpierre","departement_id":0,"code_postal":"05700","population":316,"superficie_km2":"2745.63","latitude_centre":"44.316","longitude_centre":"5.7071","distance_km":6.63},{"id":0,"code_insee":"26374","nom_standard":"Villebois-les-Pins","nom_a":null,"nom_de":null,"slug_ville":"villebois-les-pins","departement_id":0,"code_postal":"05700","population":22,"superficie_km2":"1074.22","latitude_centre":"44.3183","longitude_centre":"5.5988","distance_km":7.06},{"id":0,"code_insee":"05169","nom_standard":"Sorbiers","nom_a":null,"nom_de":null,"slug_ville":"sorbiers","departement_id":0,"code_postal":"05150","population":50,"superficie_km2":"1388.18","latitude_centre":"44.3615","longitude_centre":"5.57","distance_km":7.1},{"id":0,"code_insee":"05089","nom_standard":"Montrond","nom_a":null,"nom_de":null,"slug_ville":"montrond","departement_id":0,"code_postal":"05700","population":90,"superficie_km2":"440.65","latitude_centre":"44.3878","longitude_centre":"5.7453","distance_km":7.31},{"id":0,"code_insee":"05166","nom_standard":"Serres","nom_a":null,"nom_de":null,"slug_ville":"serres","departement_id":0,"code_postal":"05700","population":1298,"superficie_km2":"1842.96","latitude_centre":"44.4224","longitude_centre":"5.7142","distance_km":7.75},{"id":0,"code_insee":"05048","nom_standard":"L'Épine","nom_a":null,"nom_de":null,"slug_ville":"l-epine","departement_id":0,"code_postal":"05700","population":200,"superficie_km2":"3357.72","latitude_centre":"44.4319","longitude_centre":"5.6095","distance_km":8.44},{"id":0,"code_insee":"05135","nom_standard":"Sainte-Colombe","nom_a":null,"nom_de":null,"slug_ville":"sainte-colombe","departement_id":0,"code_postal":"05700","population":65,"superficie_km2":"1721.72","latitude_centre":"44.2887","longitude_centre":"5.675","distance_km":8.55},{"id":11340,"code_insee":"05021","nom_standard":"Le Bersac","nom_a":null,"nom_de":null,"slug_ville":"le-bersac","departement_id":0,"code_postal":"05700","population":146,"superficie_km2":"803.27","latitude_centre":"44.4078","longitude_centre":"5.7537","distance_km":8.9},{"id":0,"code_insee":"05094","nom_standard":"Nossage-et-Bénévent","nom_a":null,"nom_de":null,"slug_ville":"nossage-et-benevent","departement_id":0,"code_postal":"05700","population":10,"superficie_km2":"436.21","latitude_centre":"44.3103","longitude_centre":"5.7554","distance_km":9.76},{"id":0,"code_insee":"05117","nom_standard":"Ribeyret","nom_a":null,"nom_de":null,"slug_ville":"ribeyret","departement_id":0,"code_postal":"05150","population":106,"superficie_km2":"1799.10","latitude_centre":"44.4123","longitude_centre":"5.5552","distance_km":9.81},{"id":0,"code_insee":"26153","nom_standard":"Laborel","nom_a":null,"nom_de":null,"slug_ville":"laborel","departement_id":0,"code_postal":"26560","population":116,"superficie_km2":"2358.78","latitude_centre":"44.2871","longitude_centre":"5.5944","distance_km":10.06},{"id":0,"code_insee":"05167","nom_standard":"Sigottier","nom_a":null,"nom_de":null,"slug_ville":"sigottier","departement_id":0,"code_postal":"05700","population":82,"superficie_km2":"2542.03","latitude_centre":"44.4601","longitude_centre":"5.6808","distance_km":10.73},{"id":0,"code_insee":"26150","nom_standard":"Izon-la-Bruisse","nom_a":null,"nom_de":null,"slug_ville":"izon-la-bruisse","departement_id":0,"code_postal":"26560","population":12,"superficie_km2":"1459.19","latitude_centre":"44.2676","longitude_centre":"5.6003","distance_km":11.78},{"id":0,"code_insee":"05102","nom_standard":"La Piarre","nom_a":null,"nom_de":null,"slug_ville":"la-piarre","departement_id":0,"code_postal":"05700","population":82,"superficie_km2":"2200.40","latitude_centre":"44.4809","longitude_centre":"5.6458","distance_km":12.95},{"id":0,"code_insee":"26022","nom_standard":"Ballons","nom_a":null,"nom_de":null,"slug_ville":"ballons","departement_id":0,"code_postal":"26560","population":88,"superficie_km2":"1709.89","latitude_centre":"44.2476","longitude_centre":"5.6478","distance_km":13.06}]}