{"ville":{"id":10966,"code_insee":"03076","nom_standard":"Chézy","nom_a":null,"nom_de":null,"slug_ville":"chezy","departement_id":0,"code_postal":"03230","population":212,"superficie_km2":"3663.15","latitude_centre":"46.6158","longitude_centre":"3.4514","dep_code":"03","dep_nom":"Allier","dep_slug":"allier","reg_code":"84","reg_nom":"Auvergne-Rhône-Alpes","reg_slug":"auvergne-rhone-alpes"},"departement":{"code":"03","nom":"Allier","slug":"allier"},"region":{"code":"84","nom":"Auvergne-Rhône-Alpes","slug":"auvergne-rhone-alpes"},"villes_proches":[{"id":0,"code_insee":"03121","nom_standard":"Gennetines","nom_a":null,"nom_de":null,"slug_ville":"gennetines","departement_id":0,"code_postal":"03400","population":615,"superficie_km2":"3932.04","latitude_centre":"46.6273","longitude_centre":"3.4078","distance_km":3.57},{"id":0,"code_insee":"03156","nom_standard":"Lusigny","nom_a":null,"nom_de":null,"slug_ville":"lusigny","departement_id":0,"code_postal":"03230","population":1620,"superficie_km2":"4473.55","latitude_centre":"46.5731","longitude_centre":"3.4786","distance_km":5.18},{"id":0,"code_insee":"03321","nom_standard":"Yzeure","nom_a":null,"nom_de":null,"slug_ville":"yzeure","departement_id":0,"code_postal":"03400","population":12897,"superficie_km2":"4321.20","latitude_centre":"46.5662","longitude_centre":"3.3854","distance_km":7.47},{"id":10948,"code_insee":"03057","nom_standard":"La Chapelle-aux-Chasses","nom_a":null,"nom_de":null,"slug_ville":"la-chapelle-aux-chasses","departement_id":0,"code_postal":"03230","population":197,"superficie_km2":"2595.32","latitude_centre":"46.6619","longitude_centre":"3.5294","distance_km":7.86},{"id":0,"code_insee":"03229","nom_standard":"Saint-Ennemond","nom_a":null,"nom_de":null,"slug_ville":"saint-ennemond","departement_id":0,"code_postal":"03400","population":626,"superficie_km2":"3876.09","latitude_centre":"46.6821","longitude_centre":"3.4025","distance_km":8.26},{"id":10964,"code_insee":"03074","nom_standard":"Chevagnes","nom_a":null,"nom_de":null,"slug_ville":"chevagnes","departement_id":0,"code_postal":"03230","population":630,"superficie_km2":"4986.88","latitude_centre":"46.6099","longitude_centre":"3.5636","distance_km":8.6},{"id":0,"code_insee":"58146","nom_standard":"Lucenay-lès-Aix","nom_a":null,"nom_de":null,"slug_ville":"lucenay-les-aix","departement_id":0,"code_postal":"58380","population":936,"superficie_km2":"5593.22","latitude_centre":"46.694","longitude_centre":"3.4947","distance_km":9.3},{"id":0,"code_insee":"03180","nom_standard":"Montbeugny","nom_a":null,"nom_de":null,"slug_ville":"montbeugny","departement_id":0,"code_postal":"03340","population":638,"superficie_km2":"3275.41","latitude_centre":"46.5266","longitude_centre":"3.4847","distance_km":10.24},{"id":0,"code_insee":"03013","nom_standard":"Avermes","nom_a":null,"nom_de":null,"slug_ville":"avermes","departement_id":0,"code_postal":"03000","population":4074,"superficie_km2":"1560.50","latitude_centre":"46.5961","longitude_centre":"3.3164","distance_km":10.54},{"id":0,"code_insee":"03290","nom_standard":"Trévol","nom_a":null,"nom_de":null,"slug_ville":"trevol","departement_id":0,"code_postal":"03460","population":1643,"superficie_km2":"4075.35","latitude_centre":"46.6363","longitude_centre":"3.3144","distance_km":10.71},{"id":0,"code_insee":"03190","nom_standard":"Moulins","nom_a":null,"nom_de":null,"slug_ville":"moulins","departement_id":0,"code_postal":"03000","population":19206,"superficie_km2":"871.37","latitude_centre":"46.5591","longitude_centre":"3.3255","distance_km":11.5},{"id":0,"code_insee":"03203","nom_standard":"Paray-le-Frésil","nom_a":null,"nom_de":null,"slug_ville":"paray-le-fresil","departement_id":0,"code_postal":"03230","population":376,"superficie_km2":"3717.71","latitude_centre":"46.6582","longitude_centre":"3.6013","distance_km":12.38},{"id":0,"code_insee":"03286","nom_standard":"Toulon-sur-Allier","nom_a":null,"nom_de":null,"slug_ville":"toulon-sur-allier","departement_id":0,"code_postal":"03400","population":1166,"superficie_km2":"3939.44","latitude_centre":"46.5094","longitude_centre":"3.3819","distance_km":12.97},{"id":10914,"code_insee":"03011","nom_standard":"Aurouër","nom_a":null,"nom_de":null,"slug_ville":"aurouer","departement_id":0,"code_postal":"03460","population":400,"superficie_km2":"2581.39","latitude_centre":"46.6873","longitude_centre":"3.3123","distance_km":13.26},{"id":0,"code_insee":"03283","nom_standard":"Thiel-sur-Acolin","nom_a":null,"nom_de":null,"slug_ville":"thiel-sur-acolin","departement_id":0,"code_postal":"03230","population":1027,"superficie_km2":"5755.55","latitude_centre":"46.529","longitude_centre":"3.5721","distance_km":13.35},{"id":0,"code_insee":"58293","nom_standard":"Toury-Lurcy","nom_a":null,"nom_de":null,"slug_ville":"toury-lurcy","departement_id":0,"code_postal":"58300","population":404,"superficie_km2":"2590.78","latitude_centre":"46.7408","longitude_centre":"3.4218","distance_km":14.08},{"id":10945,"code_insee":"03054","nom_standard":"Chapeau","nom_a":null,"nom_de":null,"slug_ville":"chapeau","departement_id":0,"code_postal":"03340","population":231,"superficie_km2":"3376.86","latitude_centre":"46.4928","longitude_centre":"3.5127","distance_km":14.46},{"id":0,"code_insee":"58104","nom_standard":"Dornes","nom_a":null,"nom_de":null,"slug_ville":"dornes","departement_id":0,"code_postal":"58390","population":1437,"superficie_km2":"4007.31","latitude_centre":"46.7196","longitude_centre":"3.3373","distance_km":14.46},{"id":0,"code_insee":"58087","nom_standard":"Cossaye","nom_a":null,"nom_de":null,"slug_ville":"cossaye","departement_id":0,"code_postal":"58300","population":652,"superficie_km2":"5177.76","latitude_centre":"46.7556","longitude_centre":"3.511","distance_km":16.2},{"id":0,"code_insee":"03197","nom_standard":"Neuilly-le-Réal","nom_a":null,"nom_de":null,"slug_ville":"neuilly-le-real","departement_id":0,"code_postal":"03340","population":1435,"superficie_km2":"4743.01","latitude_centre":"46.4642","longitude_centre":"3.4381","distance_km":16.89}]}