{"ville":{"id":10969,"code_insee":"03079","nom_standard":"Cindré","nom_a":null,"nom_de":null,"slug_ville":"cindre","departement_id":0,"code_postal":"03220","population":276,"superficie_km2":"2277.92","latitude_centre":"46.3215","longitude_centre":"3.5469","dep_code":"03","dep_nom":"Allier","dep_slug":"allier","reg_code":"84","reg_nom":"Auvergne-Rhône-Alpes","reg_slug":"auvergne-rhone-alpes"},"departement":{"code":"03","nom":"Allier","slug":"allier"},"region":{"code":"84","nom":"Auvergne-Rhône-Alpes","slug":"auvergne-rhone-alpes"},"villes_proches":[{"id":10933,"code_insee":"03034","nom_standard":"Boucé","nom_a":null,"nom_de":null,"slug_ville":"bouce","departement_id":0,"code_postal":"03150","population":507,"superficie_km2":"2198.18","latitude_centre":"46.3178","longitude_centre":"3.4958","distance_km":3.95},{"id":0,"code_insee":"03179","nom_standard":"Montaigu-le-Blin","nom_a":null,"nom_de":null,"slug_ville":"montaigu-le-blin","departement_id":0,"code_postal":"03150","population":300,"superficie_km2":"1302.70","latitude_centre":"46.2914","longitude_centre":"3.5191","distance_km":3.97},{"id":0,"code_insee":"03291","nom_standard":"Trézelles","nom_a":null,"nom_de":null,"slug_ville":"trezelles","departement_id":0,"code_postal":"03220","population":391,"superficie_km2":"1827.81","latitude_centre":"46.3193","longitude_centre":"3.5988","distance_km":3.99},{"id":0,"code_insee":"03289","nom_standard":"Treteau","nom_a":null,"nom_de":null,"slug_ville":"treteau","departement_id":0,"code_postal":"03220","population":520,"superficie_km2":"3148.47","latitude_centre":"46.3654","longitude_centre":"3.5221","distance_km":5.24},{"id":10961,"code_insee":"03071","nom_standard":"Chavroches","nom_a":null,"nom_de":null,"slug_ville":"chavroches","departement_id":0,"code_postal":"03220","population":268,"superficie_km2":"1000.21","latitude_centre":"46.354","longitude_centre":"3.5984","distance_km":5.36},{"id":0,"code_insee":"03272","nom_standard":"Servilly","nom_a":null,"nom_de":null,"slug_ville":"servilly","departement_id":0,"code_postal":"03120","population":271,"superficie_km2":"1229.07","latitude_centre":"46.2776","longitude_centre":"3.5864","distance_km":5.75},{"id":0,"code_insee":"03132","nom_standard":"Jaligny-sur-Besbre","nom_a":null,"nom_de":null,"slug_ville":"jaligny-sur-besbre","departement_id":0,"code_postal":"03220","population":559,"superficie_km2":"973.47","latitude_centre":"46.3789","longitude_centre":"3.5856","distance_km":7.04},{"id":0,"code_insee":"03299","nom_standard":"Varennes-sur-Tèche","nom_a":null,"nom_de":null,"slug_ville":"varennes-sur-teche","departement_id":0,"code_postal":"03220","population":228,"superficie_km2":"1889.85","latitude_centre":"46.3165","longitude_centre":"3.6383","distance_km":7.04},{"id":0,"code_insee":"03235","nom_standard":"Saint-Gérand-le-Puy","nom_a":null,"nom_de":null,"slug_ville":"saint-gerand-le-puy","departement_id":0,"code_postal":"03150","population":963,"superficie_km2":"1967.14","latitude_centre":"46.261","longitude_centre":"3.5164","distance_km":7.12},{"id":0,"code_insee":"03187","nom_standard":"Montoldre","nom_a":null,"nom_de":null,"slug_ville":"montoldre","departement_id":0,"code_postal":"03150","population":590,"superficie_km2":"1919.75","latitude_centre":"46.338","longitude_centre":"3.4567","distance_km":7.16},{"id":0,"code_insee":"03215","nom_standard":"Rongères","nom_a":null,"nom_de":null,"slug_ville":"rongeres","departement_id":0,"code_postal":"03150","population":555,"superficie_km2":"900.38","latitude_centre":"46.2987","longitude_centre":"3.451","distance_km":7.79},{"id":0,"code_insee":"03137","nom_standard":"Langy","nom_a":null,"nom_de":null,"slug_ville":"langy","departement_id":0,"code_postal":"03150","population":280,"superficie_km2":"737.99","latitude_centre":"46.2766","longitude_centre":"3.4604","distance_km":8.31},{"id":0,"code_insee":"03205","nom_standard":"Périgny","nom_a":null,"nom_de":null,"slug_ville":"perigny","departement_id":0,"code_postal":"03120","population":484,"superficie_km2":"2721.12","latitude_centre":"46.2455","longitude_centre":"3.5611","distance_km":8.52},{"id":0,"code_insee":"03266","nom_standard":"Sanssat","nom_a":null,"nom_de":null,"slug_ville":"sanssat","departement_id":0,"code_postal":"03150","population":276,"superficie_km2":"840.86","latitude_centre":"46.2501","longitude_centre":"3.4663","distance_km":10.07},{"id":0,"code_insee":"03138","nom_standard":"Lapalisse","nom_a":null,"nom_de":null,"slug_ville":"lapalisse","departement_id":0,"code_postal":"03120","population":3138,"superficie_km2":"3280.34","latitude_centre":"46.2613","longitude_centre":"3.6453","distance_km":10.1},{"id":0,"code_insee":"03263","nom_standard":"Saint-Voir","nom_a":null,"nom_de":null,"slug_ville":"saint-voir","departement_id":0,"code_postal":"03220","population":201,"superficie_km2":"2516.56","latitude_centre":"46.4114","longitude_centre":"3.5061","distance_km":10.48},{"id":0,"code_insee":"03284","nom_standard":"Thionne","nom_a":null,"nom_de":null,"slug_ville":"thionne","departement_id":0,"code_postal":"03220","population":291,"superficie_km2":"2710.55","latitude_centre":"46.4152","longitude_centre":"3.5775","distance_km":10.68},{"id":10957,"code_insee":"03067","nom_standard":"Châtelperron","nom_a":null,"nom_de":null,"slug_ville":"chatelperron","departement_id":0,"code_postal":"03220","population":130,"superficie_km2":"2072.45","latitude_centre":"46.3996","longitude_centre":"3.6326","distance_km":10.89},{"id":0,"code_insee":"03232","nom_standard":"Saint-Félix","nom_a":null,"nom_de":null,"slug_ville":"saint-felix","departement_id":0,"code_postal":"03260","population":279,"superficie_km2":"519.33","latitude_centre":"46.2278","longitude_centre":"3.4792","distance_km":11.65},{"id":0,"code_insee":"03157","nom_standard":"Magnet","nom_a":null,"nom_de":null,"slug_ville":"magnet","departement_id":0,"code_postal":"03260","population":1053,"superficie_km2":"1279.70","latitude_centre":"46.2162","longitude_centre":"3.5097","distance_km":12.05}]}