{"ville":{"id":23480,"code_insee":"51191","nom_standard":"Courtémont","nom_a":null,"nom_de":null,"slug_ville":"courtemont","departement_id":0,"code_postal":"51800","population":64,"superficie_km2":"1064.95","latitude_centre":"49.137","longitude_centre":"4.7844","dep_code":"51","dep_nom":"Marne","dep_slug":"marne","reg_code":"44","reg_nom":"Grand Est","reg_slug":"grand-est"},"departement":{"code":"51","nom":"Marne","slug":"marne"},"region":{"code":"44","nom":"Grand Est","slug":"grand-est"},"villes_proches":[{"id":0,"code_insee":"51213","nom_standard":"Dommartin-sous-Hans","nom_a":null,"nom_de":null,"slug_ville":"dommartin-sous-hans","departement_id":0,"code_postal":"51800","population":45,"superficie_km2":"649.75","latitude_centre":"49.1227","longitude_centre":"4.7931","distance_km":1.71},{"id":23366,"code_insee":"51053","nom_standard":"Berzieux","nom_a":null,"nom_de":null,"slug_ville":"berzieux","departement_id":0,"code_postal":"51800","population":70,"superficie_km2":"1165.68","latitude_centre":"49.1606","longitude_centre":"4.7949","distance_km":2.73},{"id":0,"code_insee":"51336","nom_standard":"Maffrécourt","nom_a":null,"nom_de":null,"slug_ville":"maffrecourt","departement_id":0,"code_postal":"51800","population":59,"superficie_km2":"673.66","latitude_centre":"49.1165","longitude_centre":"4.8208","distance_km":3.49},{"id":0,"code_insee":"51646","nom_standard":"Virginy","nom_a":null,"nom_de":null,"slug_ville":"virginy","departement_id":0,"code_postal":"51800","population":82,"superficie_km2":"1222.74","latitude_centre":"49.1665","longitude_centre":"4.7612","distance_km":3.69},{"id":0,"code_insee":"51283","nom_standard":"Hans","nom_a":null,"nom_de":null,"slug_ville":"hans","departement_id":0,"code_postal":"51800","population":120,"superficie_km2":"1936.53","latitude_centre":"49.1146","longitude_centre":"4.7446","distance_km":3.82},{"id":0,"code_insee":"51399","nom_standard":"La Neuville-au-Pont","nom_a":null,"nom_de":null,"slug_ville":"la-neuville-au-pont","departement_id":0,"code_postal":"51800","population":463,"superficie_km2":"1517.36","latitude_centre":"49.1302","longitude_centre":"4.8551","distance_km":5.2},{"id":0,"code_insee":"51341","nom_standard":"Malmy","nom_a":null,"nom_de":null,"slug_ville":"malmy","departement_id":0,"code_postal":"51800","population":38,"superficie_km2":"483.50","latitude_centre":"49.1833","longitude_centre":"4.8111","distance_km":5.5},{"id":23387,"code_insee":"51082","nom_standard":"Braux-Sainte-Cohière","nom_a":null,"nom_de":null,"slug_ville":"braux-sainte-cohiere","departement_id":0,"code_postal":"51800","population":95,"superficie_km2":"622.24","latitude_centre":"49.0929","longitude_centre":"4.8207","distance_km":5.57},{"id":0,"code_insee":"51620","nom_standard":"Vienne-la-Ville","nom_a":null,"nom_de":null,"slug_ville":"vienne-la-ville","departement_id":0,"code_postal":"51800","population":160,"superficie_km2":"749.62","latitude_centre":"49.1668","longitude_centre":"4.8531","distance_km":6.0},{"id":0,"code_insee":"51588","nom_standard":"Valmy","nom_a":null,"nom_de":null,"slug_ville":"valmy","departement_id":0,"code_postal":"51800","population":234,"superficie_km2":"2423.00","latitude_centre":"49.0808","longitude_centre":"4.7589","distance_km":6.52},{"id":0,"code_insee":"51640","nom_standard":"Ville-sur-Tourbe","nom_a":null,"nom_de":null,"slug_ville":"ville-sur-tourbe","departement_id":0,"code_postal":"51800","population":216,"superficie_km2":"1120.35","latitude_centre":"49.1975","longitude_centre":"4.7867","distance_km":6.73},{"id":0,"code_insee":"51543","nom_standard":"Somme-Bionne","nom_a":null,"nom_de":null,"slug_ville":"somme-bionne","departement_id":0,"code_postal":"51800","population":70,"superficie_km2":"931.42","latitude_centre":"49.0876","longitude_centre":"4.72","distance_km":7.22},{"id":0,"code_insee":"51355","nom_standard":"Massiges","nom_a":null,"nom_de":null,"slug_ville":"massiges","departement_id":0,"code_postal":"51800","population":43,"superficie_km2":"805.09","latitude_centre":"49.1937","longitude_centre":"4.7329","distance_km":7.33},{"id":0,"code_insee":"51519","nom_standard":"Saint-Thomas-en-Argonne","nom_a":null,"nom_de":null,"slug_ville":"saint-thomas-en-argonne","departement_id":0,"code_postal":"51800","population":37,"superficie_km2":"442.51","latitude_centre":"49.1893","longitude_centre":"4.8676","distance_km":8.39},{"id":0,"code_insee":"51211","nom_standard":"Dommartin-Dampierre","nom_a":null,"nom_de":null,"slug_ville":"dommartin-dampierre","departement_id":0,"code_postal":"51800","population":76,"superficie_km2":"831.54","latitude_centre":"49.0645","longitude_centre":"4.8261","distance_km":8.61},{"id":0,"code_insee":"51533","nom_standard":"Servon-Melzicourt","nom_a":null,"nom_de":null,"slug_ville":"servon-melzicourt","departement_id":0,"code_postal":"51800","population":87,"superficie_km2":"2551.18","latitude_centre":"49.202","longitude_centre":"4.8604","distance_km":9.1},{"id":0,"code_insee":"51274","nom_standard":"Gizaucourt","nom_a":null,"nom_de":null,"slug_ville":"gizaucourt","departement_id":0,"code_postal":"51800","population":113,"superficie_km2":"782.76","latitude_centre":"49.0536","longitude_centre":"4.7809","distance_km":9.28},{"id":23408,"code_insee":"51104","nom_standard":"Cernay-en-Dormois","nom_a":null,"nom_de":null,"slug_ville":"cernay-en-dormois","departement_id":0,"code_postal":"51800","population":137,"superficie_km2":"2542.61","latitude_centre":"49.2248","longitude_centre":"4.762","distance_km":9.9},{"id":0,"code_insee":"51650","nom_standard":"Voilemont","nom_a":null,"nom_de":null,"slug_ville":"voilemont","departement_id":0,"code_postal":"51800","population":47,"superficie_km2":"585.98","latitude_centre":"49.0451","longitude_centre":"4.7981","distance_km":10.27},{"id":23425,"code_insee":"51126","nom_standard":"La Chapelle-Felcourt","nom_a":null,"nom_de":null,"slug_ville":"la-chapelle-felcourt","departement_id":0,"code_postal":"51800","population":44,"superficie_km2":"984.20","latitude_centre":"49.0404","longitude_centre":"4.755","distance_km":10.95}]}