{"ville":{"id":11355,"code_insee":"05044","nom_standard":"Crévoux","nom_a":null,"nom_de":null,"slug_ville":"crevoux","departement_id":0,"code_postal":"05200","population":122,"superficie_km2":"5445.15","latitude_centre":"44.5302","longitude_centre":"6.6191","dep_code":"05","dep_nom":"Hautes-Alpes","dep_slug":"hautes-alpes","reg_code":"93","reg_nom":"Provence-Alpes-Côte d'Azur","reg_slug":"provence-alpes-cote-d-azur"},"departement":{"code":"05","nom":"Hautes-Alpes","slug":"hautes-alpes"},"region":{"code":"93","nom":"Provence-Alpes-Côte d'Azur","slug":"provence-alpes-cote-d-azur"},"villes_proches":[{"id":0,"code_insee":"05098","nom_standard":"Les Orres","nom_a":null,"nom_de":null,"slug_ville":"les-orres","departement_id":0,"code_postal":"05200","population":510,"superficie_km2":"7384.11","latitude_centre":"44.4883","longitude_centre":"6.5774","distance_km":5.71},{"id":0,"code_insee":"05156","nom_standard":"Saint-Sauveur","nom_a":null,"nom_de":null,"slug_ville":"saint-sauveur","departement_id":0,"code_postal":"05200","population":481,"superficie_km2":"2365.48","latitude_centre":"44.5312","longitude_centre":"6.5321","distance_km":6.9},{"id":0,"code_insee":"05128","nom_standard":"Saint-André-d'Embrun","nom_a":null,"nom_de":null,"slug_ville":"saint-andre-d-embrun","departement_id":0,"code_postal":"05200","population":705,"superficie_km2":"3867.19","latitude_centre":"44.5955","longitude_centre":"6.5792","distance_km":7.92},{"id":11334,"code_insee":"05012","nom_standard":"Baratier","nom_a":null,"nom_de":null,"slug_ville":"baratier","departement_id":0,"code_postal":"05200","population":648,"superficie_km2":"1586.12","latitude_centre":"44.5051","longitude_centre":"6.504","distance_km":9.54},{"id":11200,"code_insee":"04062","nom_standard":"La Condamine-Châtelard","nom_a":null,"nom_de":null,"slug_ville":"la-condamine-chatelard","departement_id":0,"code_postal":"04530","population":154,"superficie_km2":"5664.09","latitude_centre":"44.4678","longitude_centre":"6.7054","distance_km":9.75},{"id":0,"code_insee":"05119","nom_standard":"Risoul","nom_a":null,"nom_de":null,"slug_ville":"risoul","departement_id":0,"code_postal":"05600","population":664,"superficie_km2":"2985.85","latitude_centre":"44.6202","longitude_centre":"6.6242","distance_km":10.02},{"id":0,"code_insee":"05177","nom_standard":"Vars","nom_a":null,"nom_de":null,"slug_ville":"vars","departement_id":0,"code_postal":"05560","population":588,"superficie_km2":"9080.84","latitude_centre":"44.5907","longitude_centre":"6.7211","distance_km":10.51},{"id":11291,"code_insee":"04195","nom_standard":"Saint-Pons","nom_a":null,"nom_de":null,"slug_ville":"saint-pons","departement_id":0,"code_postal":"04400","population":631,"superficie_km2":"3208.03","latitude_centre":"44.416","longitude_centre":"6.6163","distance_km":12.7},{"id":0,"code_insee":"05046","nom_standard":"Embrun","nom_a":null,"nom_de":null,"slug_ville":"embrun","departement_id":0,"code_postal":"05200","population":6412,"superficie_km2":"3570.67","latitude_centre":"44.5806","longitude_centre":"6.475","distance_km":12.72},{"id":0,"code_insee":"05045","nom_standard":"Crots","nom_a":null,"nom_de":null,"slug_ville":"crots","departement_id":0,"code_postal":"05200","population":1195,"superficie_km2":"5657.46","latitude_centre":"44.4985","longitude_centre":"6.4571","distance_km":13.32},{"id":11215,"code_insee":"04086","nom_standard":"Faucon-de-Barcelonnette","nom_a":null,"nom_de":null,"slug_ville":"faucon-de-barcelonnette","departement_id":0,"code_postal":"04400","population":295,"superficie_km2":"1712.98","latitude_centre":"44.4137","longitude_centre":"6.684","distance_km":13.94},{"id":0,"code_insee":"05134","nom_standard":"Saint-Clément-sur-Durance","nom_a":null,"nom_de":null,"slug_ville":"saint-clement-sur-durance","departement_id":0,"code_postal":"05600","population":343,"superficie_km2":"2607.91","latitude_centre":"44.6523","longitude_centre":"6.554","distance_km":14.52},{"id":0,"code_insee":"05111","nom_standard":"Puy-Sanières","nom_a":null,"nom_de":null,"slug_ville":"puy-sanieres","departement_id":0,"code_postal":"05200","population":288,"superficie_km2":"1155.42","latitude_centre":"44.5596","longitude_centre":"6.4389","distance_km":14.65},{"id":0,"code_insee":"05082","nom_standard":"Mont-Dauphin","nom_a":null,"nom_de":null,"slug_ville":"mont-dauphin","departement_id":0,"code_postal":"05600","population":162,"superficie_km2":"58.98","latitude_centre":"44.6685","longitude_centre":"6.625","distance_km":15.39},{"id":0,"code_insee":"05065","nom_standard":"Guillestre","nom_a":null,"nom_de":null,"slug_ville":"guillestre","departement_id":0,"code_postal":"05600","population":2295,"superficie_km2":"5143.39","latitude_centre":"44.6596","longitude_centre":"6.6983","distance_km":15.7},{"id":11308,"code_insee":"04220","nom_standard":"Les Thuiles","nom_a":null,"nom_de":null,"slug_ville":"les-thuiles","departement_id":0,"code_postal":"04400","population":361,"superficie_km2":"3268.94","latitude_centre":"44.3917","longitude_centre":"6.5584","distance_km":16.14},{"id":0,"code_insee":"05036","nom_standard":"Châteauroux-les-Alpes","nom_a":null,"nom_de":null,"slug_ville":"chateauroux-les-alpes","departement_id":0,"code_postal":"05380","population":1234,"superficie_km2":"9180.59","latitude_centre":"44.6424","longitude_centre":"6.4834","distance_km":16.47},{"id":0,"code_insee":"04019","nom_standard":"Barcelonnette","nom_a":null,"nom_de":null,"slug_ville":"barcelonnette","departement_id":0,"code_postal":"04400","population":2518,"superficie_km2":"1663.49","latitude_centre":"44.3751","longitude_centre":"6.6463","distance_km":17.38},{"id":0,"code_insee":"05116","nom_standard":"Réotier","nom_a":null,"nom_de":null,"slug_ville":"reotier","departement_id":0,"code_postal":"05600","population":226,"superficie_km2":"2233.60","latitude_centre":"44.6788","longitude_centre":"6.5468","distance_km":17.49},{"id":0,"code_insee":"05052","nom_standard":"Eygliers","nom_a":null,"nom_de":null,"slug_ville":"eygliers","departement_id":0,"code_postal":"05600","population":882,"superficie_km2":"2983.51","latitude_centre":"44.6962","longitude_centre":"6.6621","distance_km":18.77}]}