{"ville":{"id":11492,"code_insee":"06052","nom_standard":"Cuébris","nom_a":null,"nom_de":null,"slug_ville":"cuebris","departement_id":0,"code_postal":"06910","population":130,"superficie_km2":"2297.52","latitude_centre":"43.889","longitude_centre":"6.9955","dep_code":"06","dep_nom":"Alpes-Maritimes","dep_slug":"alpes-maritimes","reg_code":"93","reg_nom":"Provence-Alpes-Côte d'Azur","reg_slug":"provence-alpes-cote-d-azur"},"departement":{"code":"06","nom":"Alpes-Maritimes","slug":"alpes-maritimes"},"region":{"code":"93","nom":"Provence-Alpes-Côte d'Azur","slug":"provence-alpes-cote-d-azur"},"villes_proches":[{"id":0,"code_insee":"06115","nom_standard":"Saint-Antonin","nom_a":null,"nom_de":null,"slug_ville":"saint-antonin","departement_id":0,"code_postal":"06260","population":85,"superficie_km2":"638.24","latitude_centre":"43.9085","longitude_centre":"6.9739","distance_km":2.77},{"id":0,"code_insee":"06135","nom_standard":"Sigale","nom_a":null,"nom_de":null,"slug_ville":"sigale","departement_id":0,"code_postal":"06910","population":204,"superficie_km2":"554.96","latitude_centre":"43.8742","longitude_centre":"6.9652","distance_km":2.93},{"id":0,"code_insee":"06106","nom_standard":"Roquestéron","nom_a":null,"nom_de":null,"slug_ville":"roquesteron","departement_id":0,"code_postal":"06910","population":552,"superficie_km2":"634.06","latitude_centre":"43.8696","longitude_centre":"7.0232","distance_km":3.1},{"id":11468,"code_insee":"06005","nom_standard":"Ascros","nom_a":null,"nom_de":null,"slug_ville":"ascros","departement_id":0,"code_postal":"06260","population":174,"superficie_km2":"1747.39","latitude_centre":"43.9171","longitude_centre":"7.0159","distance_km":3.53},{"id":0,"code_insee":"06107","nom_standard":"La Roque-en-Provence","nom_a":null,"nom_de":null,"slug_ville":"la-roque-en-provence","departement_id":0,"code_postal":"06910","population":67,"superficie_km2":"2382.23","latitude_centre":"43.8494","longitude_centre":"6.9916","distance_km":4.41},{"id":0,"code_insee":"06093","nom_standard":"La Penne","nom_a":null,"nom_de":null,"slug_ville":"la-penne","departement_id":0,"code_postal":"06260","population":254,"superficie_km2":"1798.18","latitude_centre":"43.9202","longitude_centre":"6.9361","distance_km":5.89},{"id":0,"code_insee":"06143","nom_standard":"Touët-sur-Var","nom_a":null,"nom_de":null,"slug_ville":"touet-sur-var","departement_id":0,"code_postal":"06710","population":748,"superficie_km2":"1441.49","latitude_centre":"43.9433","longitude_centre":"7.0091","distance_km":6.14},{"id":11465,"code_insee":"06001","nom_standard":"Aiglun","nom_a":null,"nom_de":null,"slug_ville":"aiglun","departement_id":0,"code_postal":"06910","population":104,"superficie_km2":"1539.20","latitude_centre":"43.8552","longitude_centre":"6.9348","distance_km":6.15},{"id":0,"code_insee":"06097","nom_standard":"Pierrefeu","nom_a":null,"nom_de":null,"slug_ville":"pierrefeu","departement_id":0,"code_postal":"06910","population":337,"superficie_km2":"2215.60","latitude_centre":"43.8883","longitude_centre":"7.0743","distance_km":6.32},{"id":11290,"code_insee":"04194","nom_standard":"Saint-Pierre","nom_a":null,"nom_de":null,"slug_ville":"saint-pierre","departement_id":0,"code_postal":"06260","population":99,"superficie_km2":"548.23","latitude_centre":"43.9114","longitude_centre":"6.922","distance_km":6.39},{"id":11488,"code_insee":"06047","nom_standard":"Conségudes","nom_a":null,"nom_de":null,"slug_ville":"consegudes","departement_id":0,"code_postal":"06510","population":103,"superficie_km2":"1251.37","latitude_centre":"43.8395","longitude_centre":"7.0395","distance_km":6.54},{"id":0,"code_insee":"06131","nom_standard":"Sallagriffon","nom_a":null,"nom_de":null,"slug_ville":"sallagriffon","departement_id":0,"code_postal":"06910","population":47,"superficie_km2":"961.76","latitude_centre":"43.8805","longitude_centre":"6.9117","distance_km":6.78},{"id":0,"code_insee":"06141","nom_standard":"Toudon","nom_a":null,"nom_de":null,"slug_ville":"toudon","departement_id":0,"code_postal":"06830","population":355,"superficie_km2":"1848.99","latitude_centre":"43.8857","longitude_centre":"7.1094","distance_km":9.14},{"id":0,"code_insee":"06061","nom_standard":"Les Ferres","nom_a":null,"nom_de":null,"slug_ville":"les-ferres","departement_id":0,"code_postal":"06510","population":93,"superficie_km2":"1380.82","latitude_centre":"43.8424","longitude_centre":"7.0966","distance_km":9.62},{"id":0,"code_insee":"06158","nom_standard":"Villars-sur-Var","nom_a":null,"nom_de":null,"slug_ville":"villars-sur-var","departement_id":0,"code_postal":"06710","population":780,"superficie_km2":"2543.18","latitude_centre":"43.9564","longitude_centre":"7.076","distance_km":9.89},{"id":0,"code_insee":"06099","nom_standard":"Puget-Théniers","nom_a":null,"nom_de":null,"slug_ville":"puget-theniers","departement_id":0,"code_postal":"06260","population":1798,"superficie_km2":"2135.02","latitude_centre":"43.9498","longitude_centre":"6.9049","distance_km":9.92},{"id":0,"code_insee":"06139","nom_standard":"Thiéry","nom_a":null,"nom_de":null,"slug_ville":"thiery","departement_id":0,"code_postal":"06710","population":91,"superficie_km2":"2198.45","latitude_centre":"43.9759","longitude_centre":"7.0365","distance_km":10.21},{"id":0,"code_insee":"06070","nom_standard":"Gréolières","nom_a":null,"nom_de":null,"slug_ville":"greolieres","departement_id":0,"code_postal":"06620","population":631,"superficie_km2":"5293.28","latitude_centre":"43.8037","longitude_centre":"6.9296","distance_km":10.86},{"id":11490,"code_insee":"06050","nom_standard":"Coursegoules","nom_a":null,"nom_de":null,"slug_ville":"coursegoules","departement_id":0,"code_postal":"06140","population":564,"superficie_km2":"4123.07","latitude_centre":"43.7898","longitude_centre":"7.0384","distance_km":11.55},{"id":0,"code_insee":"06101","nom_standard":"Rigaud","nom_a":null,"nom_de":null,"slug_ville":"rigaud","departement_id":0,"code_postal":"06260","population":165,"superficie_km2":"3223.68","latitude_centre":"43.9942","longitude_centre":"6.976","distance_km":11.8}]}