{"ville":{"id":13933,"code_insee":"15059","nom_standard":"Cussac","nom_a":null,"nom_de":null,"slug_ville":"cussac","departement_id":0,"code_postal":"15430","population":117,"superficie_km2":"1393.20","latitude_centre":"44.9804","longitude_centre":"2.9353","dep_code":"15","dep_nom":"Cantal","dep_slug":"cantal","reg_code":"84","reg_nom":"Auvergne-Rhône-Alpes","reg_slug":"auvergne-rhone-alpes"},"departement":{"code":"15","nom":"Cantal","slug":"cantal"},"region":{"code":"84","nom":"Auvergne-Rhône-Alpes","slug":"auvergne-rhone-alpes"},"villes_proches":[{"id":0,"code_insee":"15235","nom_standard":"Les Ternes","nom_a":null,"nom_de":null,"slug_ville":"les-ternes","departement_id":0,"code_postal":"15100","population":567,"superficie_km2":"1900.29","latitude_centre":"44.9929","longitude_centre":"2.9981","distance_km":5.13},{"id":0,"code_insee":"15077","nom_standard":"Gourdièges","nom_a":null,"nom_de":null,"slug_ville":"gourdieges","departement_id":0,"code_postal":"15230","population":70,"superficie_km2":"839.65","latitude_centre":"44.9448","longitude_centre":"2.8823","distance_km":5.75},{"id":0,"code_insee":"15148","nom_standard":"Paulhac","nom_a":null,"nom_de":null,"slug_ville":"paulhac","departement_id":0,"code_postal":"15430","population":431,"superficie_km2":"4655.65","latitude_centre":"45.0179","longitude_centre":"2.8841","distance_km":5.8},{"id":0,"code_insee":"15142","nom_standard":"Neuvéglise-sur-Truyère","nom_a":null,"nom_de":null,"slug_ville":"neuveglise-sur-truyere","departement_id":0,"code_postal":"15100","population":1677,"superficie_km2":"12570.63","latitude_centre":"44.936","longitude_centre":"2.9767","distance_km":5.91},{"id":13911,"code_insee":"15033","nom_standard":"Cézens","nom_a":null,"nom_de":null,"slug_ville":"cezens","departement_id":0,"code_postal":"15230","population":218,"superficie_km2":"3205.40","latitude_centre":"44.9919","longitude_centre":"2.8572","distance_km":6.27},{"id":0,"code_insee":"15232","nom_standard":"Tanavelle","nom_a":null,"nom_de":null,"slug_ville":"tanavelle","departement_id":0,"code_postal":"15100","population":217,"superficie_km2":"1350.39","latitude_centre":"45.0268","longitude_centre":"2.9812","distance_km":6.3},{"id":0,"code_insee":"15248","nom_standard":"Valuéjols","nom_a":null,"nom_de":null,"slug_ville":"valuejols","departement_id":0,"code_postal":"15300","population":580,"superficie_km2":"3848.57","latitude_centre":"45.0535","longitude_centre":"2.9037","distance_km":8.5},{"id":0,"code_insee":"15262","nom_standard":"Villedieu","nom_a":null,"nom_de":null,"slug_ville":"villedieu","departement_id":0,"code_postal":"15100","population":535,"superficie_km2":"1922.31","latitude_centre":"44.9944","longitude_centre":"3.05","distance_km":9.15},{"id":0,"code_insee":"15152","nom_standard":"Pierrefort","nom_a":null,"nom_de":null,"slug_ville":"pierrefort","departement_id":0,"code_postal":"15230","population":868,"superficie_km2":"2464.00","latitude_centre":"44.9281","longitude_centre":"2.8362","distance_km":9.73},{"id":0,"code_insee":"15164","nom_standard":"Roffiac","nom_a":null,"nom_de":null,"slug_ville":"roffiac","departement_id":0,"code_postal":"15100","population":561,"superficie_km2":"2153.72","latitude_centre":"45.0475","longitude_centre":"3.0154","distance_km":9.76},{"id":0,"code_insee":"15198","nom_standard":"Sainte-Marie","nom_a":null,"nom_de":null,"slug_ville":"sainte-marie","departement_id":0,"code_postal":"15230","population":98,"superficie_km2":"1804.09","latitude_centre":"44.8967","longitude_centre":"2.888","distance_km":10.02},{"id":0,"code_insee":"15244","nom_standard":"Ussel","nom_a":null,"nom_de":null,"slug_ville":"ussel","departement_id":0,"code_postal":"15300","population":453,"superficie_km2":"1022.24","latitude_centre":"45.0732","longitude_centre":"2.955","distance_km":10.43},{"id":0,"code_insee":"15100","nom_standard":"Laveissenet","nom_a":null,"nom_de":null,"slug_ville":"laveissenet","departement_id":0,"code_postal":"15300","population":137,"superficie_km2":"1089.53","latitude_centre":"45.0726","longitude_centre":"2.8719","distance_km":11.4},{"id":0,"code_insee":"15201","nom_standard":"Saint-Martin-sous-Vigouroux","nom_a":null,"nom_de":null,"slug_ville":"saint-martin-sous-vigouroux","departement_id":0,"code_postal":"15230","population":217,"superficie_km2":"1956.72","latitude_centre":"44.9435","longitude_centre":"2.7969","distance_km":11.64},{"id":0,"code_insee":"15187","nom_standard":"Saint-Flour","nom_a":null,"nom_de":null,"slug_ville":"saint-flour","departement_id":0,"code_postal":"15100","population":6391,"superficie_km2":"2708.10","latitude_centre":"45.0251","longitude_centre":"3.073","distance_km":11.91},{"id":0,"code_insee":"15065","nom_standard":"Espinasse","nom_a":null,"nom_de":null,"slug_ville":"espinasse","departement_id":0,"code_postal":"15110","population":79,"superficie_km2":"1701.41","latitude_centre":"44.8702","longitude_centre":"2.9266","distance_km":12.27},{"id":0,"code_insee":"15199","nom_standard":"Saint-Martial","nom_a":null,"nom_de":null,"slug_ville":"saint-martial","departement_id":0,"code_postal":"15110","population":71,"superficie_km2":"1485.34","latitude_centre":"44.8845","longitude_centre":"3.0385","distance_km":13.41},{"id":13927,"code_insee":"15053","nom_standard":"Coltines","nom_a":null,"nom_de":null,"slug_ville":"coltines","departement_id":0,"code_postal":"15170","population":427,"superficie_km2":"1917.93","latitude_centre":"45.0939","longitude_centre":"2.9944","distance_km":13.45},{"id":13909,"code_insee":"15031","nom_standard":"Celles","nom_a":null,"nom_de":null,"slug_ville":"celles","departement_id":0,"code_postal":"15170","population":217,"superficie_km2":"1825.53","latitude_centre":"45.1023","longitude_centre":"2.9554","distance_km":13.65},{"id":13916,"code_insee":"15041","nom_standard":"La Chapelle-d'Alagnon","nom_a":null,"nom_de":null,"slug_ville":"la-chapelle-d-alagnon","departement_id":0,"code_postal":"15300","population":256,"superficie_km2":"915.41","latitude_centre":"45.1037","longitude_centre":"2.9072","distance_km":13.89}]}