{"ville":{"id":32572,"code_insee":"79108","nom_standard":"Doux","nom_a":null,"nom_de":null,"slug_ville":"doux","departement_id":0,"code_postal":"79390","population":204,"superficie_km2":"987.32","latitude_centre":"46.7397","longitude_centre":"0.0094","dep_code":"79","dep_nom":"Deux-Sèvres","dep_slug":"deux-sevres","reg_code":"75","reg_nom":"Nouvelle-Aquitaine","reg_slug":"nouvelle-aquitaine"},"departement":{"code":"79","nom":"Deux-Sèvres","slug":"deux-sevres"},"region":{"code":"75","nom":"Nouvelle-Aquitaine","slug":"nouvelle-aquitaine"},"villes_proches":[{"id":0,"code_insee":"86087","nom_standard":"Craon","nom_a":null,"nom_de":null,"slug_ville":"craon","departement_id":0,"code_postal":"86110","population":183,"superficie_km2":"2190.56","latitude_centre":"46.77","longitude_centre":"0.0248","distance_km":3.57},{"id":0,"code_insee":"86150","nom_standard":"Massognes","nom_a":null,"nom_de":null,"slug_ville":"massognes","departement_id":0,"code_postal":"86170","population":274,"superficie_km2":"1374.51","latitude_centre":"46.7495","longitude_centre":"0.0592","distance_km":3.95},{"id":0,"code_insee":"86144","nom_standard":"Maisonneuve","nom_a":null,"nom_de":null,"slug_ville":"maisonneuve","departement_id":0,"code_postal":"86170","population":319,"superficie_km2":"919.32","latitude_centre":"46.7198","longitude_centre":"0.054","distance_km":4.06},{"id":0,"code_insee":"79326","nom_standard":"Thénezay","nom_a":null,"nom_de":null,"slug_ville":"thenezay","departement_id":0,"code_postal":"79390","population":1400,"superficie_km2":"4842.36","latitude_centre":"46.7239","longitude_centre":"-0.0414","distance_km":4.25},{"id":0,"code_insee":"86073","nom_standard":"Cherves","nom_a":null,"nom_de":null,"slug_ville":"cherves","departement_id":0,"code_postal":"86170","population":529,"superficie_km2":"2619.16","latitude_centre":"46.6992","longitude_centre":"0.0245","distance_km":4.65},{"id":0,"code_insee":"86299","nom_standard":"Vouzailles","nom_a":null,"nom_de":null,"slug_ville":"vouzailles","departement_id":0,"code_postal":"86170","population":566,"superficie_km2":"1607.08","latitude_centre":"46.7153","longitude_centre":"0.0936","distance_km":6.97},{"id":0,"code_insee":"79218","nom_standard":"Pressigny","nom_a":null,"nom_de":null,"slug_ville":"pressigny","departement_id":0,"code_postal":"79390","population":191,"superficie_km2":"1203.69","latitude_centre":"46.751","longitude_centre":"-0.0834","distance_km":7.18},{"id":0,"code_insee":"86108","nom_standard":"La Grimaudière","nom_a":null,"nom_de":null,"slug_ville":"la-grimaudiere","departement_id":0,"code_postal":"86110","population":392,"superficie_km2":"1932.79","latitude_centre":"46.8043","longitude_centre":"0.034","distance_km":7.42},{"id":0,"code_insee":"86089","nom_standard":"Cuhon","nom_a":null,"nom_de":null,"slug_ville":"cuhon","departement_id":0,"code_postal":"86110","population":377,"superficie_km2":"1661.73","latitude_centre":"46.7651","longitude_centre":"0.1041","distance_km":7.75},{"id":32534,"code_insee":"79016","nom_standard":"Assais-les-Jumeaux","nom_a":null,"nom_de":null,"slug_ville":"assais-les-jumeaux","departement_id":0,"code_postal":"79600","population":763,"superficie_km2":"5321.18","latitude_centre":"46.7846","longitude_centre":"-0.0692","distance_km":7.8},{"id":0,"code_insee":"86154","nom_standard":"Mazeuil","nom_a":null,"nom_de":null,"slug_ville":"mazeuil","departement_id":0,"code_postal":"86110","population":243,"superficie_km2":"1366.43","latitude_centre":"46.7924","longitude_centre":"0.0887","distance_km":8.42},{"id":32536,"code_insee":"79019","nom_standard":"Aubigny","nom_a":null,"nom_de":null,"slug_ville":"aubigny","departement_id":0,"code_postal":"79390","population":178,"superficie_km2":"1197.90","latitude_centre":"46.7283","longitude_centre":"-0.1055","distance_km":8.85},{"id":0,"code_insee":"86142","nom_standard":"Maillé","nom_a":null,"nom_de":null,"slug_ville":"maille","departement_id":0,"code_postal":"86190","population":637,"superficie_km2":"1229.46","latitude_centre":"46.6764","longitude_centre":"0.0947","distance_km":9.58},{"id":0,"code_insee":"86050","nom_standard":"Chalandray","nom_a":null,"nom_de":null,"slug_ville":"chalandray","departement_id":0,"code_postal":"86190","population":784,"superficie_km2":"2516.23","latitude_centre":"46.6517","longitude_centre":"-0.0071","distance_km":9.87},{"id":0,"code_insee":"79197","nom_standard":"Oroux","nom_a":null,"nom_de":null,"slug_ville":"oroux","departement_id":0,"code_postal":"79390","population":102,"superficie_km2":"665.93","latitude_centre":"46.6902","longitude_centre":"-0.0984","distance_km":9.89},{"id":32562,"code_insee":"79089","nom_standard":"Le Chillou","nom_a":null,"nom_de":null,"slug_ville":"le-chillou","departement_id":0,"code_postal":"79600","population":163,"superficie_km2":"516.67","latitude_centre":"46.7687","longitude_centre":"-0.1222","distance_km":10.53},{"id":0,"code_insee":"86017","nom_standard":"Ayron","nom_a":null,"nom_de":null,"slug_ville":"ayron","departement_id":0,"code_postal":"86190","population":1085,"superficie_km2":"2833.70","latitude_centre":"46.6458","longitude_centre":"0.0463","distance_km":10.81},{"id":0,"code_insee":"79120","nom_standard":"La Ferrière-en-Parthenay","nom_a":null,"nom_de":null,"slug_ville":"la-ferriere-en-parthenay","departement_id":0,"code_postal":"79390","population":774,"superficie_km2":"2937.86","latitude_centre":"46.6454","longitude_centre":"-0.075","distance_km":12.3},{"id":0,"code_insee":"86225","nom_standard":"Saint-Jean-de-Sauves","nom_a":null,"nom_de":null,"slug_ville":"saint-jean-de-sauves","departement_id":0,"code_postal":"86330","population":1281,"superficie_km2":"5665.79","latitude_centre":"46.8386","longitude_centre":"0.0847","distance_km":12.4},{"id":0,"code_insee":"79167","nom_standard":"Marnes","nom_a":null,"nom_de":null,"slug_ville":"marnes","departement_id":0,"code_postal":"79600","population":217,"superficie_km2":"1718.69","latitude_centre":"46.8538","longitude_centre":"-0.0113","distance_km":12.78}]}