{"ville":{"id":11921,"code_insee":"08161","nom_standard":"Exermont","nom_a":null,"nom_de":null,"slug_ville":"exermont","departement_id":0,"code_postal":"08250","population":32,"superficie_km2":"1822.09","latitude_centre":"49.2978","longitude_centre":"5.0214","dep_code":"08","dep_nom":"Ardennes","dep_slug":"ardennes","reg_code":"44","reg_nom":"Grand Est","reg_slug":"grand-est"},"departement":{"code":"08","nom":"Ardennes","slug":"ardennes"},"region":{"code":"44","nom":"Grand Est","slug":"grand-est"},"villes_proches":[{"id":0,"code_insee":"55208","nom_standard":"Gesnes-en-Argonne","nom_a":null,"nom_de":null,"slug_ville":"gesnes-en-argonne","departement_id":0,"code_postal":"55110","population":53,"superficie_km2":"704.21","latitude_centre":"49.3061","longitude_centre":"5.0566","distance_km":2.71},{"id":0,"code_insee":"08171","nom_standard":"Fléville","nom_a":null,"nom_de":null,"slug_ville":"fleville","departement_id":0,"code_postal":"08250","population":93,"superficie_km2":"783.43","latitude_centre":"49.3081","longitude_centre":"4.9827","distance_km":3.03},{"id":0,"code_insee":"55033","nom_standard":"Baulny","nom_a":null,"nom_de":null,"slug_ville":"baulny","departement_id":0,"code_postal":"55270","population":19,"superficie_km2":"392.39","latitude_centre":"49.2661","longitude_centre":"5.0252","distance_km":3.54},{"id":0,"code_insee":"08425","nom_standard":"Sommerance","nom_a":null,"nom_de":null,"slug_ville":"sommerance","departement_id":0,"code_postal":"08250","population":50,"superficie_km2":"513.68","latitude_centre":"49.3271","longitude_centre":"4.9945","distance_km":3.8},{"id":0,"code_insee":"55103","nom_standard":"Charpentry","nom_a":null,"nom_de":null,"slug_ville":"charpentry","departement_id":0,"code_postal":"55270","population":24,"superficie_km2":"435.47","latitude_centre":"49.2582","longitude_centre":"5.0413","distance_km":4.63},{"id":0,"code_insee":"55438","nom_standard":"Romagne-sous-Montfaucon","nom_a":null,"nom_de":null,"slug_ville":"romagne-sous-montfaucon","departement_id":0,"code_postal":"55110","population":170,"superficie_km2":"1560.52","latitude_centre":"49.3275","longitude_centre":"5.0682","distance_km":4.73},{"id":0,"code_insee":"55115","nom_standard":"Cierges-sous-Montfaucon","nom_a":null,"nom_de":null,"slug_ville":"cierges-sous-montfaucon","departement_id":0,"code_postal":"55270","population":47,"superficie_km2":"925.73","latitude_centre":"49.3009","longitude_centre":"5.0903","distance_km":5.01},{"id":11881,"code_insee":"08109","nom_standard":"Chatel-Chéhéry","nom_a":null,"nom_de":null,"slug_ville":"chatel-chehery","departement_id":0,"code_postal":"08250","population":125,"superficie_km2":"1608.83","latitude_centre":"49.2807","longitude_centre":"4.9542","distance_km":5.23},{"id":0,"code_insee":"55174","nom_standard":"Épinonville","nom_a":null,"nom_de":null,"slug_ville":"epinonville","departement_id":0,"code_postal":"55270","population":65,"superficie_km2":"1408.65","latitude_centre":"49.2725","longitude_centre":"5.0836","distance_km":5.32},{"id":11808,"code_insee":"08017","nom_standard":"Apremont","nom_a":null,"nom_de":null,"slug_ville":"apremont","departement_id":0,"code_postal":"08250","population":122,"superficie_km2":"1276.42","latitude_centre":"49.259","longitude_centre":"4.9674","distance_km":5.83},{"id":0,"code_insee":"08246","nom_standard":"Landres-et-Saint-Georges","nom_a":null,"nom_de":null,"slug_ville":"landres-et-saint-georges","departement_id":0,"code_postal":"08240","population":72,"superficie_km2":"2046.69","latitude_centre":"49.3504","longitude_centre":"5.01","distance_km":5.91},{"id":11897,"code_insee":"08131","nom_standard":"Cornay","nom_a":null,"nom_de":null,"slug_ville":"cornay","departement_id":0,"code_postal":"08250","population":69,"superficie_km2":"1100.80","latitude_centre":"49.3012","longitude_centre":"4.9339","distance_km":6.36},{"id":0,"code_insee":"55343","nom_standard":"Montblainville","nom_a":null,"nom_de":null,"slug_ville":"montblainville","departement_id":0,"code_postal":"55270","population":58,"superficie_km2":"1219.34","latitude_centre":"49.2405","longitude_centre":"4.9902","distance_km":6.76},{"id":0,"code_insee":"55028","nom_standard":"Bantheville","nom_a":null,"nom_de":null,"slug_ville":"bantheville","departement_id":0,"code_postal":"55110","population":102,"superficie_km2":"1436.41","latitude_centre":"49.3522","longitude_centre":"5.0718","distance_km":7.07},{"id":0,"code_insee":"08383","nom_standard":"Saint-Juvin","nom_a":null,"nom_de":null,"slug_ville":"saint-juvin","departement_id":0,"code_postal":"08250","population":100,"superficie_km2":"932.11","latitude_centre":"49.3392","longitude_centre":"4.9457","distance_km":7.16},{"id":0,"code_insee":"55527","nom_standard":"Varennes-en-Argonne","nom_a":null,"nom_de":null,"slug_ville":"varennes-en-argonne","departement_id":0,"code_postal":"55270","population":636,"superficie_km2":"1177.62","latitude_centre":"49.2299","longitude_centre":"5.0131","distance_km":7.57},{"id":0,"code_insee":"55549","nom_standard":"Véry","nom_a":null,"nom_de":null,"slug_ville":"very","departement_id":0,"code_postal":"55270","population":79,"superficie_km2":"1179.23","latitude_centre":"49.2364","longitude_centre":"5.0893","distance_km":8.42},{"id":0,"code_insee":"55113","nom_standard":"Cheppy","nom_a":null,"nom_de":null,"slug_ville":"cheppy","departement_id":0,"code_postal":"55270","population":156,"superficie_km2":"1487.14","latitude_centre":"49.2269","longitude_centre":"5.0782","distance_km":8.9},{"id":0,"code_insee":"08233","nom_standard":"Imécourt","nom_a":null,"nom_de":null,"slug_ville":"imecourt","departement_id":0,"code_postal":"08240","population":42,"superficie_km2":"852.94","latitude_centre":"49.3724","longitude_centre":"4.9752","distance_km":8.95},{"id":11837,"code_insee":"08052","nom_standard":"Bayonville","nom_a":null,"nom_de":null,"slug_ville":"bayonville","departement_id":0,"code_postal":"08240","population":65,"superficie_km2":"1619.27","latitude_centre":"49.3957","longitude_centre":"5.0136","distance_km":10.9}]}