{"ville":{"id":11614,"code_insee":"07091","nom_standard":"Fons","nom_a":null,"nom_de":null,"slug_ville":"fons","departement_id":0,"code_postal":"07200","population":316,"superficie_km2":"408.19","latitude_centre":"44.5826","longitude_centre":"4.3492","dep_code":"07","dep_nom":"Ardèche","dep_slug":"ardeche","reg_code":"84","reg_nom":"Auvergne-Rhône-Alpes","reg_slug":"auvergne-rhone-alpes"},"departement":{"code":"07","nom":"Ardèche","slug":"ardeche"},"region":{"code":"84","nom":"Auvergne-Rhône-Alpes","slug":"auvergne-rhone-alpes"},"villes_proches":[{"id":11553,"code_insee":"07002","nom_standard":"Ailhon","nom_a":null,"nom_de":null,"slug_ville":"ailhon","departement_id":0,"code_postal":"07200","population":553,"superficie_km2":"791.29","latitude_centre":"44.5992","longitude_centre":"4.3364","distance_km":2.11},{"id":0,"code_insee":"07296","nom_standard":"Saint-Sernin","nom_a":null,"nom_de":null,"slug_ville":"saint-sernin","departement_id":0,"code_postal":"07200","population":1872,"superficie_km2":"582.85","latitude_centre":"44.5755","longitude_centre":"4.3762","distance_km":2.28},{"id":0,"code_insee":"07122","nom_standard":"Lachapelle-sous-Aubenas","nom_a":null,"nom_de":null,"slug_ville":"lachapelle-sous-aubenas","departement_id":0,"code_postal":"07200","population":1911,"superficie_km2":"1023.37","latitude_centre":"44.5601","longitude_centre":"4.3552","distance_km":2.55},{"id":0,"code_insee":"07231","nom_standard":"Saint-Étienne-de-Fontbellon","nom_a":null,"nom_de":null,"slug_ville":"saint-etienne-de-fontbellon","departement_id":0,"code_postal":"07200","population":2920,"superficie_km2":"962.79","latitude_centre":"44.5962","longitude_centre":"4.378","distance_km":2.74},{"id":0,"code_insee":"07343","nom_standard":"Vinezac","nom_a":null,"nom_de":null,"slug_ville":"vinezac","departement_id":0,"code_postal":"07110","population":1378,"superficie_km2":"1105.96","latitude_centre":"44.5498","longitude_centre":"4.3332","distance_km":3.86},{"id":11595,"code_insee":"07062","nom_standard":"Chazeaux","nom_a":null,"nom_de":null,"slug_ville":"chazeaux","departement_id":0,"code_postal":"07110","population":134,"superficie_km2":"467.99","latitude_centre":"44.5949","longitude_centre":"4.2974","distance_km":4.32},{"id":0,"code_insee":"07155","nom_standard":"Mercuer","nom_a":null,"nom_de":null,"slug_ville":"mercuer","departement_id":0,"code_postal":"07200","population":1325,"superficie_km2":"768.41","latitude_centre":"44.6242","longitude_centre":"4.3509","distance_km":4.63},{"id":0,"code_insee":"07019","nom_standard":"Aubenas","nom_a":null,"nom_de":null,"slug_ville":"aubenas","departement_id":0,"code_postal":"07200","population":12416,"superficie_km2":"1465.78","latitude_centre":"44.6107","longitude_centre":"4.3942","distance_km":4.74},{"id":0,"code_insee":"07058","nom_standard":"Chassiers","nom_a":null,"nom_de":null,"slug_ville":"chassiers","departement_id":0,"code_postal":"07110","population":989,"superficie_km2":"1241.22","latitude_centre":"44.5656","longitude_centre":"4.2936","distance_km":4.79},{"id":0,"code_insee":"07141","nom_standard":"Lentillères","nom_a":null,"nom_de":null,"slug_ville":"lentilleres","departement_id":0,"code_postal":"07200","population":236,"superficie_km2":"877.06","latitude_centre":"44.6071","longitude_centre":"4.2948","distance_km":5.1},{"id":0,"code_insee":"07193","nom_standard":"Rocher","nom_a":null,"nom_de":null,"slug_ville":"rocher","departement_id":0,"code_postal":"07110","population":306,"superficie_km2":"314.32","latitude_centre":"44.581","longitude_centre":"4.2779","distance_km":5.65},{"id":0,"code_insee":"07348","nom_standard":"Vogüé","nom_a":null,"nom_de":null,"slug_ville":"vogue","departement_id":0,"code_postal":"07200","population":1040,"superficie_km2":"1192.02","latitude_centre":"44.5562","longitude_centre":"4.411","distance_km":5.71},{"id":0,"code_insee":"07131","nom_standard":"Lanas","nom_a":null,"nom_de":null,"slug_ville":"lanas","departement_id":0,"code_postal":"07200","population":429,"superficie_km2":"1017.67","latitude_centre":"44.5339","longitude_centre":"4.3812","distance_km":5.98},{"id":0,"code_insee":"07182","nom_standard":"Prades","nom_a":null,"nom_de":null,"slug_ville":"prades","departement_id":0,"code_postal":"07380","population":1195,"superficie_km2":"999.24","latitude_centre":"44.6334","longitude_centre":"4.3115","distance_km":6.39},{"id":0,"code_insee":"07229","nom_standard":"Saint-Didier-sous-Aubenas","nom_a":null,"nom_de":null,"slug_ville":"saint-didier-sous-aubenas","departement_id":0,"code_postal":"07200","population":919,"superficie_km2":"275.78","latitude_centre":"44.6101","longitude_centre":"4.4202","distance_km":6.4},{"id":0,"code_insee":"07116","nom_standard":"Labégude","nom_a":null,"nom_de":null,"slug_ville":"labegude","departement_id":0,"code_postal":"07200","population":1397,"superficie_km2":"319.10","latitude_centre":"44.6412","longitude_centre":"4.3571","distance_km":6.55},{"id":0,"code_insee":"07132","nom_standard":"Largentière","nom_a":null,"nom_de":null,"slug_ville":"largentiere","departement_id":0,"code_postal":"07110","population":1450,"superficie_km2":"736.30","latitude_centre":"44.5307","longitude_centre":"4.2984","distance_km":7.04},{"id":0,"code_insee":"07325","nom_standard":"Ucel","nom_a":null,"nom_de":null,"slug_ville":"ucel","departement_id":0,"code_postal":"07200","population":2019,"superficie_km2":"559.23","latitude_centre":"44.6412","longitude_centre":"4.3867","distance_km":7.16},{"id":0,"code_insee":"07327","nom_standard":"Uzer","nom_a":null,"nom_de":null,"slug_ville":"uzer","departement_id":0,"code_postal":"07110","population":421,"superficie_km2":"347.37","latitude_centre":"44.5177","longitude_centre":"4.3287","distance_km":7.4},{"id":11564,"code_insee":"07023","nom_standard":"Balazuc","nom_a":null,"nom_de":null,"slug_ville":"balazuc","departement_id":0,"code_postal":"07120","population":389,"superficie_km2":"1877.42","latitude_centre":"44.5123","longitude_centre":"4.3737","distance_km":8.05}]}