{"ville":{"id":33012,"code_insee":"80376","nom_standard":"Gentelles","nom_a":null,"nom_de":null,"slug_ville":"gentelles","departement_id":0,"code_postal":"80800","population":627,"superficie_km2":"556.66","latitude_centre":"49.8447","longitude_centre":"2.4443","dep_code":"80","dep_nom":"Somme","dep_slug":"somme","reg_code":"32","reg_nom":"Hauts-de-France","reg_slug":"hauts-de-france"},"departement":{"code":"80","nom":"Somme","slug":"somme"},"region":{"code":"32","nom":"Hauts-de-France","slug":"hauts-de-france"},"villes_proches":[{"id":0,"code_insee":"80752","nom_standard":"Thézy-Glimont","nom_a":null,"nom_de":null,"slug_ville":"thezy-glimont","departement_id":0,"code_postal":"80440","population":661,"superficie_km2":"673.99","latitude_centre":"49.8227","longitude_centre":"2.437","distance_km":2.5},{"id":32835,"code_insee":"80159","nom_standard":"Cachy","nom_a":null,"nom_de":null,"slug_ville":"cachy","departement_id":0,"code_postal":"80800","population":300,"superficie_km2":"613.35","latitude_centre":"49.8561","longitude_centre":"2.4769","distance_km":2.66},{"id":32786,"code_insee":"80107","nom_standard":"Blangy-Tronville","nom_a":null,"nom_de":null,"slug_ville":"blangy-tronville","departement_id":0,"code_postal":"80440","population":613,"superficie_km2":"1250.76","latitude_centre":"49.8687","longitude_centre":"2.4287","distance_km":2.89},{"id":32773,"code_insee":"80094","nom_standard":"Berteaucourt-lès-Thennes","nom_a":null,"nom_de":null,"slug_ville":"berteaucourt-les-thennes","departement_id":0,"code_postal":"80110","population":517,"superficie_km2":"267.00","latitude_centre":"49.8219","longitude_centre":"2.4644","distance_km":2.92},{"id":32979,"code_insee":"80337","nom_standard":"Fouencamps","nom_a":null,"nom_de":null,"slug_ville":"fouencamps","departement_id":0,"code_postal":"80440","population":216,"superficie_km2":"367.18","latitude_centre":"49.8189","longitude_centre":"2.4088","distance_km":3.84},{"id":32902,"code_insee":"80242","nom_standard":"Domart-sur-la-Luce","nom_a":null,"nom_de":null,"slug_ville":"domart-sur-la-luce","departement_id":0,"code_postal":"80110","population":403,"superficie_km2":"862.81","latitude_centre":"49.8243","longitude_centre":"2.49","distance_km":3.99},{"id":0,"code_insee":"80131","nom_standard":"Boves","nom_a":null,"nom_de":null,"slug_ville":"boves","departement_id":0,"code_postal":"80440","population":3234,"superficie_km2":"2537.78","latitude_centre":"49.8392","longitude_centre":"2.388","distance_km":4.08},{"id":0,"code_insee":"80414","nom_standard":"Hangard","nom_a":null,"nom_de":null,"slug_ville":"hangard","departement_id":0,"code_postal":"80110","population":115,"superficie_km2":"635.03","latitude_centre":"49.8326","longitude_centre":"2.5084","distance_km":4.79},{"id":0,"code_insee":"80751","nom_standard":"Thennes","nom_a":null,"nom_de":null,"slug_ville":"thennes","departement_id":0,"code_postal":"80110","population":552,"superficie_km2":"812.35","latitude_centre":"49.8048","longitude_centre":"2.4821","distance_km":5.2},{"id":0,"code_insee":"80785","nom_standard":"Vecquemont","nom_a":null,"nom_de":null,"slug_ville":"vecquemont","departement_id":0,"code_postal":"80800","population":531,"superficie_km2":"185.08","latitude_centre":"49.8914","longitude_centre":"2.4339","distance_km":5.25},{"id":0,"code_insee":"80379","nom_standard":"Glisy","nom_a":null,"nom_de":null,"slug_ville":"glisy","departement_id":0,"code_postal":"80440","population":791,"superficie_km2":"550.01","latitude_centre":"49.8725","longitude_centre":"2.3845","distance_km":5.29},{"id":0,"code_insee":"80405","nom_standard":"Hailles","nom_a":null,"nom_de":null,"slug_ville":"hailles","departement_id":0,"code_postal":"80440","population":404,"superficie_km2":"510.45","latitude_centre":"49.7975","longitude_centre":"2.4312","distance_km":5.33},{"id":32724,"code_insee":"80036","nom_standard":"Aubigny","nom_a":null,"nom_de":null,"slug_ville":"aubigny","departement_id":0,"code_postal":"80800","population":502,"superficie_km2":"968.75","latitude_centre":"49.8893","longitude_centre":"2.472","distance_km":5.34},{"id":0,"code_insee":"80799","nom_standard":"Villers-Bretonneux","nom_a":null,"nom_de":null,"slug_ville":"villers-bretonneux","departement_id":0,"code_postal":"80800","population":4647,"superficie_km2":"1445.49","latitude_centre":"49.8627","longitude_centre":"2.5183","distance_km":5.67},{"id":32906,"code_insee":"80246","nom_standard":"Dommartin","nom_a":null,"nom_de":null,"slug_ville":"dommartin","departement_id":0,"code_postal":"80440","population":346,"superficie_km2":"663.22","latitude_centre":"49.7967","longitude_centre":"2.3995","distance_km":6.23},{"id":32897,"code_insee":"80234","nom_standard":"Daours","nom_a":null,"nom_de":null,"slug_ville":"daours","departement_id":0,"code_postal":"80800","population":737,"superficie_km2":"875.80","latitude_centre":"49.904","longitude_centre":"2.4361","distance_km":6.62},{"id":0,"code_insee":"80338","nom_standard":"Fouilloy","nom_a":null,"nom_de":null,"slug_ville":"fouilloy","departement_id":0,"code_postal":"80800","population":1723,"superficie_km2":"572.70","latitude_centre":"49.8884","longitude_centre":"2.507","distance_km":6.62},{"id":0,"code_insee":"80461","nom_standard":"Lamotte-Brebière","nom_a":null,"nom_de":null,"slug_ville":"lamotte-brebiere","departement_id":0,"code_postal":"80450","population":260,"superficie_km2":"429.05","latitude_centre":"49.8997","longitude_centre":"2.3952","distance_km":7.06},{"id":32832,"code_insee":"80156","nom_standard":"Bussy-lès-Daours","nom_a":null,"nom_de":null,"slug_ville":"bussy-les-daours","departement_id":0,"code_postal":"80800","population":370,"superficie_km2":"810.88","latitude_centre":"49.9126","longitude_centre":"2.4137","distance_km":7.86},{"id":0,"code_insee":"80571","nom_standard":"Morisel","nom_a":null,"nom_de":null,"slug_ville":"morisel","departement_id":0,"code_postal":"80110","population":469,"superficie_km2":"647.79","latitude_centre":"49.7667","longitude_centre":"2.4587","distance_km":8.73}]}