{"ville":{"id":25081,"code_insee":"55208","nom_standard":"Gesnes-en-Argonne","nom_a":null,"nom_de":null,"slug_ville":"gesnes-en-argonne","departement_id":0,"code_postal":"55110","population":53,"superficie_km2":"704.21","latitude_centre":"49.3061","longitude_centre":"5.0566","dep_code":"55","dep_nom":"Meuse","dep_slug":"meuse","reg_code":"44","reg_nom":"Grand Est","reg_slug":"grand-est"},"departement":{"code":"55","nom":"Meuse","slug":"meuse"},"region":{"code":"44","nom":"Grand Est","slug":"grand-est"},"villes_proches":[{"id":25011,"code_insee":"55115","nom_standard":"Cierges-sous-Montfaucon","nom_a":null,"nom_de":null,"slug_ville":"cierges-sous-montfaucon","departement_id":0,"code_postal":"55270","population":47,"superficie_km2":"925.73","latitude_centre":"49.3009","longitude_centre":"5.0903","distance_km":2.51},{"id":0,"code_insee":"55438","nom_standard":"Romagne-sous-Montfaucon","nom_a":null,"nom_de":null,"slug_ville":"romagne-sous-montfaucon","departement_id":0,"code_postal":"55110","population":170,"superficie_km2":"1560.52","latitude_centre":"49.3275","longitude_centre":"5.0682","distance_km":2.52},{"id":11921,"code_insee":"08161","nom_standard":"Exermont","nom_a":null,"nom_de":null,"slug_ville":"exermont","departement_id":0,"code_postal":"08250","population":32,"superficie_km2":"1822.09","latitude_centre":"49.2978","longitude_centre":"5.0214","distance_km":2.71},{"id":25055,"code_insee":"55174","nom_standard":"Épinonville","nom_a":null,"nom_de":null,"slug_ville":"epinonville","departement_id":0,"code_postal":"55270","population":65,"superficie_km2":"1408.65","latitude_centre":"49.2725","longitude_centre":"5.0836","distance_km":4.22},{"id":24940,"code_insee":"55033","nom_standard":"Baulny","nom_a":null,"nom_de":null,"slug_ville":"baulny","departement_id":0,"code_postal":"55270","population":19,"superficie_km2":"392.39","latitude_centre":"49.2661","longitude_centre":"5.0252","distance_km":5.0},{"id":12129,"code_insee":"08425","nom_standard":"Sommerance","nom_a":null,"nom_de":null,"slug_ville":"sommerance","departement_id":0,"code_postal":"08250","population":50,"superficie_km2":"513.68","latitude_centre":"49.3271","longitude_centre":"4.9945","distance_km":5.07},{"id":24937,"code_insee":"55028","nom_standard":"Bantheville","nom_a":null,"nom_de":null,"slug_ville":"bantheville","departement_id":0,"code_postal":"55110","population":102,"superficie_km2":"1436.41","latitude_centre":"49.3522","longitude_centre":"5.0718","distance_km":5.24},{"id":25028,"code_insee":"55140","nom_standard":"Cunel","nom_a":null,"nom_de":null,"slug_ville":"cunel","departement_id":0,"code_postal":"55110","population":23,"superficie_km2":"467.45","latitude_centre":"49.3313","longitude_centre":"5.1184","distance_km":5.28},{"id":11931,"code_insee":"08171","nom_standard":"Fléville","nom_a":null,"nom_de":null,"slug_ville":"fleville","departement_id":0,"code_postal":"08250","population":93,"superficie_km2":"783.43","latitude_centre":"49.3081","longitude_centre":"4.9827","distance_km":5.36},{"id":25000,"code_insee":"55103","nom_standard":"Charpentry","nom_a":null,"nom_de":null,"slug_ville":"charpentry","departement_id":0,"code_postal":"55270","population":24,"superficie_km2":"435.47","latitude_centre":"49.2582","longitude_centre":"5.0413","distance_km":5.44},{"id":0,"code_insee":"55375","nom_standard":"Nantillois","nom_a":null,"nom_de":null,"slug_ville":"nantillois","departement_id":0,"code_postal":"55270","population":63,"superficie_km2":"764.06","latitude_centre":"49.3026","longitude_centre":"5.1327","distance_km":5.53},{"id":11988,"code_insee":"08246","nom_standard":"Landres-et-Saint-Georges","nom_a":null,"nom_de":null,"slug_ville":"landres-et-saint-georges","departement_id":0,"code_postal":"08240","population":72,"superficie_km2":"2046.69","latitude_centre":"49.3504","longitude_centre":"5.01","distance_km":5.97},{"id":0,"code_insee":"55346","nom_standard":"Montfaucon-d'Argonne","nom_a":null,"nom_de":null,"slug_ville":"montfaucon-d-argonne","departement_id":0,"code_postal":"55270","population":261,"superficie_km2":"2358.09","latitude_centre":"49.2551","longitude_centre":"5.1353","distance_km":8.05},{"id":0,"code_insee":"55549","nom_standard":"Véry","nom_a":null,"nom_de":null,"slug_ville":"very","departement_id":0,"code_postal":"55270","population":79,"superficie_km2":"1179.23","latitude_centre":"49.2364","longitude_centre":"5.0893","distance_km":8.11},{"id":24918,"code_insee":"55004","nom_standard":"Aincreville","nom_a":null,"nom_de":null,"slug_ville":"aincreville","departement_id":0,"code_postal":"55110","population":80,"superficie_km2":"911.00","latitude_centre":"49.3687","longitude_centre":"5.1147","distance_km":8.13},{"id":11808,"code_insee":"08017","nom_standard":"Apremont","nom_a":null,"nom_de":null,"slug_ville":"apremont","departement_id":0,"code_postal":"08250","population":122,"superficie_km2":"1276.42","latitude_centre":"49.259","longitude_centre":"4.9674","distance_km":8.32},{"id":0,"code_insee":"55343","nom_standard":"Montblainville","nom_a":null,"nom_de":null,"slug_ville":"montblainville","departement_id":0,"code_postal":"55270","population":58,"superficie_km2":"1219.34","latitude_centre":"49.2405","longitude_centre":"4.9902","distance_km":8.74},{"id":25009,"code_insee":"55113","nom_standard":"Cheppy","nom_a":null,"nom_de":null,"slug_ville":"cheppy","departement_id":0,"code_postal":"55270","population":156,"superficie_km2":"1487.14","latitude_centre":"49.2269","longitude_centre":"5.0782","distance_km":8.95},{"id":0,"code_insee":"55527","nom_standard":"Varennes-en-Argonne","nom_a":null,"nom_de":null,"slug_ville":"varennes-en-argonne","departement_id":0,"code_postal":"55270","population":636,"superficie_km2":"1177.62","latitude_centre":"49.2299","longitude_centre":"5.0131","distance_km":9.04},{"id":11837,"code_insee":"08052","nom_standard":"Bayonville","nom_a":null,"nom_de":null,"slug_ville":"bayonville","departement_id":0,"code_postal":"08240","population":65,"superficie_km2":"1619.27","latitude_centre":"49.3957","longitude_centre":"5.0136","distance_km":10.44}]}