{"ville":{"id":23547,"code_insee":"51275","nom_standard":"Glannes","nom_a":null,"nom_de":null,"slug_ville":"glannes","departement_id":0,"code_postal":"51300","population":183,"superficie_km2":"1318.74","latitude_centre":"48.7018","longitude_centre":"4.5005","dep_code":"51","dep_nom":"Marne","dep_slug":"marne","reg_code":"44","reg_nom":"Grand Est","reg_slug":"grand-est"},"departement":{"code":"51","nom":"Marne","slug":"marne"},"region":{"code":"44","nom":"Grand Est","slug":"grand-est"},"villes_proches":[{"id":0,"code_insee":"51295","nom_standard":"Huiron","nom_a":null,"nom_de":null,"slug_ville":"huiron","departement_id":0,"code_postal":"51300","population":302,"superficie_km2":"1332.77","latitude_centre":"48.6904","longitude_centre":"4.5049","distance_km":1.31},{"id":23373,"code_insee":"51065","nom_standard":"Blacy","nom_a":null,"nom_de":null,"slug_ville":"blacy","departement_id":0,"code_postal":"51300","population":614,"superficie_km2":"1739.31","latitude_centre":"48.7242","longitude_centre":"4.5133","distance_km":2.66},{"id":23474,"code_insee":"51184","nom_standard":"Courdemanges","nom_a":null,"nom_de":null,"slug_ville":"courdemanges","departement_id":0,"code_postal":"51300","population":390,"superficie_km2":"1943.87","latitude_centre":"48.6783","longitude_centre":"4.5112","distance_km":2.73},{"id":23432,"code_insee":"51134","nom_standard":"Châtelraould-Saint-Louvent","nom_a":null,"nom_de":null,"slug_ville":"chatelraould-saint-louvent","departement_id":0,"code_postal":"51300","population":244,"superficie_km2":"1688.78","latitude_centre":"48.6613","longitude_centre":"4.5173","distance_km":4.67},{"id":0,"code_insee":"51340","nom_standard":"Maisons-en-Champagne","nom_a":null,"nom_de":null,"slug_ville":"maisons-en-champagne","departement_id":0,"code_postal":"51300","population":552,"superficie_km2":"2912.50","latitude_centre":"48.7372","longitude_centre":"4.4633","distance_km":4.79},{"id":0,"code_insee":"51463","nom_standard":"Les Rivières-Henruel","nom_a":null,"nom_de":null,"slug_ville":"les-rivieres-henruel","departement_id":0,"code_postal":"51300","population":156,"superficie_km2":"1201.79","latitude_centre":"48.6543","longitude_centre":"4.5299","distance_km":5.71},{"id":0,"code_insee":"51328","nom_standard":"Loisy-sur-Marne","nom_a":null,"nom_de":null,"slug_ville":"loisy-sur-marne","departement_id":0,"code_postal":"51300","population":1109,"superficie_km2":"1417.71","latitude_centre":"48.7518","longitude_centre":"4.5427","distance_km":6.36},{"id":0,"code_insee":"51262","nom_standard":"Frignicourt","nom_a":null,"nom_de":null,"slug_ville":"frignicourt","departement_id":0,"code_postal":"51300","population":1747,"superficie_km2":"971.06","latitude_centre":"48.7004","longitude_centre":"4.5941","distance_km":6.87},{"id":23374,"code_insee":"51066","nom_standard":"Blaise-sous-Arzillières","nom_a":null,"nom_de":null,"slug_ville":"blaise-sous-arzillieres","departement_id":0,"code_postal":"51300","population":316,"superficie_km2":"689.01","latitude_centre":"48.6715","longitude_centre":"4.5849","distance_km":7.05},{"id":0,"code_insee":"51649","nom_standard":"Vitry-le-François","nom_a":null,"nom_de":null,"slug_ville":"vitry-le-francois","departement_id":0,"code_postal":"51300","population":10996,"superficie_km2":"636.97","latitude_centre":"48.7292","longitude_centre":"4.5947","distance_km":7.55},{"id":23502,"code_insee":"51220","nom_standard":"Drouilly","nom_a":null,"nom_de":null,"slug_ville":"drouilly","departement_id":0,"code_postal":"51300","population":145,"superficie_km2":"246.43","latitude_centre":"48.7699","longitude_centre":"4.51","distance_km":7.6},{"id":0,"code_insee":"51446","nom_standard":"Pringy","nom_a":null,"nom_de":null,"slug_ville":"pringy","departement_id":0,"code_postal":"51300","population":438,"superficie_km2":"1535.63","latitude_centre":"48.7723","longitude_centre":"4.4796","distance_km":7.99},{"id":0,"code_insee":"51361","nom_standard":"Le Meix-Tiercelin","nom_a":null,"nom_de":null,"slug_ville":"le-meix-tiercelin","departement_id":0,"code_postal":"51320","population":170,"superficie_km2":"1923.13","latitude_centre":"48.6395","longitude_centre":"4.4402","distance_km":8.22},{"id":23369,"code_insee":"51059","nom_standard":"Bignicourt-sur-Marne","nom_a":null,"nom_de":null,"slug_ville":"bignicourt-sur-marne","departement_id":0,"code_postal":"51300","population":381,"superficie_km2":"284.08","latitude_centre":"48.6804","longitude_centre":"4.6084","distance_km":8.27},{"id":0,"code_insee":"51475","nom_standard":"Saint-Chéron","nom_a":null,"nom_de":null,"slug_ville":"saint-cheron","departement_id":0,"code_postal":"51290","population":63,"superficie_km2":"916.55","latitude_centre":"48.6294","longitude_centre":"4.5495","distance_km":8.82},{"id":23461,"code_insee":"51167","nom_standard":"Coole","nom_a":null,"nom_de":null,"slug_ville":"coole","departement_id":0,"code_postal":"51320","population":157,"superficie_km2":"2997.43","latitude_centre":"48.7391","longitude_centre":"4.3943","distance_km":8.83},{"id":23483,"code_insee":"51195","nom_standard":"Couvrot","nom_a":null,"nom_de":null,"slug_ville":"couvrot","departement_id":0,"code_postal":"51300","population":786,"superficie_km2":"803.91","latitude_centre":"48.7644","longitude_centre":"4.5759","distance_km":8.89},{"id":0,"code_insee":"51552","nom_standard":"Songy","nom_a":null,"nom_de":null,"slug_ville":"songy","departement_id":0,"code_postal":"51240","population":266,"superficie_km2":"1512.93","latitude_centre":"48.7919","longitude_centre":"4.4705","distance_km":10.26},{"id":0,"code_insee":"51557","nom_standard":"Soulanges","nom_a":null,"nom_de":null,"slug_ville":"soulanges","departement_id":0,"code_postal":"51300","population":453,"superficie_km2":"1247.88","latitude_centre":"48.7889","longitude_centre":"4.5554","distance_km":10.49},{"id":0,"code_insee":"51551","nom_standard":"Somsois","nom_a":null,"nom_de":null,"slug_ville":"somsois","departement_id":0,"code_postal":"51290","population":188,"superficie_km2":"2129.96","latitude_centre":"48.5986","longitude_centre":"4.4943","distance_km":11.48}]}