{"ville":{"id":23557,"code_insee":"51286","nom_standard":"Hauteville","nom_a":null,"nom_de":null,"slug_ville":"hauteville","departement_id":0,"code_postal":"51290","population":230,"superficie_km2":"1084.69","latitude_centre":"48.6357","longitude_centre":"4.7703","dep_code":"51","dep_nom":"Marne","dep_slug":"marne","reg_code":"44","reg_nom":"Grand Est","reg_slug":"grand-est"},"departement":{"code":"51","nom":"Marne","slug":"marne"},"region":{"code":"44","nom":"Grand Est","slug":"grand-est"},"villes_proches":[{"id":0,"code_insee":"51316","nom_standard":"Larzicourt","nom_a":null,"nom_de":null,"slug_ville":"larzicourt","departement_id":0,"code_postal":"51290","population":269,"superficie_km2":"1683.60","latitude_centre":"48.6247","longitude_centre":"4.7351","distance_km":2.86},{"id":0,"code_insee":"51522","nom_standard":"Sapignicourt","nom_a":null,"nom_de":null,"slug_ville":"sapignicourt","departement_id":0,"code_postal":"52100","population":365,"superficie_km2":"480.04","latitude_centre":"48.6462","longitude_centre":"4.8073","distance_km":2.96},{"id":23504,"code_insee":"51223","nom_standard":"Écollemont","nom_a":null,"nom_de":null,"slug_ville":"ecollemont","departement_id":0,"code_postal":"51290","population":64,"superficie_km2":"281.93","latitude_centre":"48.6149","longitude_centre":"4.7405","distance_km":3.19},{"id":0,"code_insee":"51315","nom_standard":"Landricourt","nom_a":null,"nom_de":null,"slug_ville":"landricourt","departement_id":0,"code_postal":"51290","population":130,"superficie_km2":"583.70","latitude_centre":"48.6129","longitude_centre":"4.8053","distance_km":3.61},{"id":23549,"code_insee":"51277","nom_standard":"Sainte-Marie-du-Lac-Nuisement","nom_a":null,"nom_de":null,"slug_ville":"sainte-marie-du-lac-nuisement","departement_id":0,"code_postal":"51290","population":277,"superficie_km2":"1753.55","latitude_centre":"48.6004","longitude_centre":"4.7656","distance_km":3.94},{"id":23329,"code_insee":"51008","nom_standard":"Ambrières","nom_a":null,"nom_de":null,"slug_ville":"ambrieres","departement_id":0,"code_postal":"51290","population":210,"superficie_km2":"1000.96","latitude_centre":"48.6285","longitude_centre":"4.8276","distance_km":4.29},{"id":0,"code_insee":"51417","nom_standard":"Orconte","nom_a":null,"nom_de":null,"slug_ville":"orconte","departement_id":0,"code_postal":"51300","population":365,"superficie_km2":"1373.39","latitude_centre":"48.6701","longitude_centre":"4.738","distance_km":4.5},{"id":0,"code_insee":"52386","nom_standard":"Perthes","nom_a":null,"nom_de":null,"slug_ville":"perthes","departement_id":0,"code_postal":"52100","population":518,"superficie_km2":"1309.17","latitude_centre":"48.665","longitude_centre":"4.815","distance_km":4.63},{"id":0,"code_insee":"51288","nom_standard":"Heiltz-le-Hutier","nom_a":null,"nom_de":null,"slug_ville":"heiltz-le-hutier","departement_id":0,"code_postal":"51300","population":233,"superficie_km2":"1089.08","latitude_centre":"48.6899","longitude_centre":"4.7741","distance_km":6.03},{"id":0,"code_insee":"51300","nom_standard":"Isle-sur-Marne","nom_a":null,"nom_de":null,"slug_ville":"isle-sur-marne","departement_id":0,"code_postal":"51290","population":96,"superficie_km2":"541.86","latitude_centre":"48.6471","longitude_centre":"4.686","distance_km":6.32},{"id":23336,"code_insee":"51016","nom_standard":"Arrigny","nom_a":null,"nom_de":null,"slug_ville":"arrigny","departement_id":0,"code_postal":"51290","population":227,"superficie_km2":"1607.77","latitude_centre":"48.6036","longitude_centre":"4.6936","distance_km":6.67},{"id":0,"code_insee":"51567","nom_standard":"Thiéblemont-Farémont","nom_a":null,"nom_de":null,"slug_ville":"thieblemont-faremont","departement_id":0,"code_postal":"51300","population":513,"superficie_km2":"919.61","latitude_centre":"48.6931","longitude_centre":"4.7316","distance_km":6.99},{"id":0,"code_insee":"52267","nom_standard":"Laneuville-au-Pont","nom_a":null,"nom_de":null,"slug_ville":"laneuville-au-pont","departement_id":0,"code_postal":"52100","population":233,"superficie_km2":"403.15","latitude_centre":"48.6269","longitude_centre":"4.8673","distance_km":7.2},{"id":0,"code_insee":"51521","nom_standard":"Saint-Vrain","nom_a":null,"nom_de":null,"slug_ville":"saint-vrain","departement_id":0,"code_postal":"51340","population":231,"superficie_km2":"1161.95","latitude_centre":"48.6952","longitude_centre":"4.8317","distance_km":8.01},{"id":0,"code_insee":"51654","nom_standard":"Vouillers","nom_a":null,"nom_de":null,"slug_ville":"vouillers","departement_id":0,"code_postal":"51340","population":257,"superficie_km2":"827.13","latitude_centre":"48.6861","longitude_centre":"4.8485","distance_km":8.02},{"id":23542,"code_insee":"51269","nom_standard":"Giffaumont-Champaubert","nom_a":null,"nom_de":null,"slug_ville":"giffaumont-champaubert","departement_id":0,"code_postal":"51290","population":287,"superficie_km2":"2817.19","latitude_centre":"48.5645","longitude_centre":"4.7496","distance_km":8.06},{"id":0,"code_insee":"52182","nom_standard":"Éclaron-Braucourt-Sainte-Livière","nom_a":null,"nom_de":null,"slug_ville":"eclaron-braucourt-sainte-liviere","departement_id":0,"code_postal":"52290","population":2008,"superficie_km2":"5918.82","latitude_centre":"48.5698","longitude_centre":"4.834","distance_km":8.7},{"id":23555,"code_insee":"51284","nom_standard":"Haussignémont","nom_a":null,"nom_de":null,"slug_ville":"haussignemont","departement_id":0,"code_postal":"51300","population":311,"superficie_km2":"281.95","latitude_centre":"48.7165","longitude_centre":"4.7532","distance_km":9.07},{"id":0,"code_insee":"51528","nom_standard":"Scrupt","nom_a":null,"nom_de":null,"slug_ville":"scrupt","departement_id":0,"code_postal":"51340","population":124,"superficie_km2":"1152.03","latitude_centre":"48.7157","longitude_centre":"4.8045","distance_km":9.24},{"id":23375,"code_insee":"51068","nom_standard":"Blesme","nom_a":null,"nom_de":null,"slug_ville":"blesme","departement_id":0,"code_postal":"51340","population":193,"superficie_km2":"668.02","latitude_centre":"48.7311","longitude_centre":"4.7893","distance_km":10.7}]}