{"ville":{"id":17562,"code_insee":"27342","nom_standard":"Houetteville","nom_a":null,"nom_de":null,"slug_ville":"houetteville","departement_id":0,"code_postal":"27400","population":193,"superficie_km2":"682.95","latitude_centre":"49.1286","longitude_centre":"1.0948","dep_code":"27","dep_nom":"Eure","dep_slug":"eure","reg_code":"28","reg_nom":"Normandie","reg_slug":"normandie"},"departement":{"code":"27","nom":"Eure","slug":"eure"},"region":{"code":"28","nom":"Normandie","slug":"normandie"},"villes_proches":[{"id":17559,"code_insee":"27339","nom_standard":"Hondouville","nom_a":null,"nom_de":null,"slug_ville":"hondouville","departement_id":0,"code_postal":"27400","population":827,"superficie_km2":"698.57","latitude_centre":"49.1457","longitude_centre":"1.1098","distance_km":2.19},{"id":17421,"code_insee":"27118","nom_standard":"Brosville","nom_a":null,"nom_de":null,"slug_ville":"brosville","departement_id":0,"code_postal":"27930","population":670,"superficie_km2":"719.82","latitude_centre":"49.1111","longitude_centre":"1.1131","distance_km":2.36},{"id":17426,"code_insee":"27127","nom_standard":"Canappeville","nom_a":null,"nom_de":null,"slug_ville":"canappeville","departement_id":0,"code_postal":"27400","population":697,"superficie_km2":"1044.25","latitude_centre":"49.1546","longitude_centre":"1.0959","distance_km":2.89},{"id":17386,"code_insee":"27055","nom_standard":"Bérengeville-la-Campagne","nom_a":null,"nom_de":null,"slug_ville":"berengeville-la-campagne","departement_id":0,"code_postal":"27110","population":331,"superficie_km2":"937.41","latitude_centre":"49.1159","longitude_centre":"1.0587","distance_km":2.98},{"id":0,"code_insee":"27666","nom_standard":"La Vacherie","nom_a":null,"nom_de":null,"slug_ville":"la-vacherie","departement_id":0,"code_postal":"27400","population":557,"superficie_km2":"764.79","latitude_centre":"49.1224","longitude_centre":"1.1349","distance_km":3.0},{"id":0,"code_insee":"27652","nom_standard":"Tourneville","nom_a":null,"nom_de":null,"slug_ville":"tourneville","departement_id":0,"code_postal":"27930","population":333,"superficie_km2":"724.17","latitude_centre":"49.0952","longitude_centre":"1.1069","distance_km":3.82},{"id":17500,"code_insee":"27241","nom_standard":"Feuguerolles","nom_a":null,"nom_de":null,"slug_ville":"feuguerolles","departement_id":0,"code_postal":"27110","population":167,"superficie_km2":"819.30","latitude_centre":"49.1322","longitude_centre":"1.0323","distance_km":4.57},{"id":0,"code_insee":"27692","nom_standard":"Villettes","nom_a":null,"nom_de":null,"slug_ville":"villettes","departement_id":0,"code_postal":"27110","population":169,"superficie_km2":"684.56","latitude_centre":"49.1557","longitude_centre":"1.0464","distance_km":4.63},{"id":17359,"code_insee":"27014","nom_standard":"Amfreville-sur-Iton","nom_a":null,"nom_de":null,"slug_ville":"amfreville-sur-iton","departement_id":0,"code_postal":"27400","population":887,"superficie_km2":"542.93","latitude_centre":"49.1549","longitude_centre":"1.1446","distance_km":4.66},{"id":17484,"code_insee":"27216","nom_standard":"Émalleville","nom_a":null,"nom_de":null,"slug_ville":"emalleville","departement_id":0,"code_postal":"27930","population":472,"superficie_km2":"419.78","latitude_centre":"49.1019","longitude_centre":"1.156","distance_km":5.35},{"id":0,"code_insee":"27504","nom_standard":"Sacquenville","nom_a":null,"nom_de":null,"slug_ville":"sacquenville","departement_id":0,"code_postal":"27930","population":1205,"superficie_km2":"993.25","latitude_centre":"49.0817","longitude_centre":"1.0727","distance_km":5.46},{"id":0,"code_insee":"27546","nom_standard":"Saint-Germain-des-Angles","nom_a":null,"nom_de":null,"slug_ville":"saint-germain-des-angles","departement_id":0,"code_postal":"27930","population":172,"superficie_km2":"185.55","latitude_centre":"49.0882","longitude_centre":"1.1379","distance_km":5.48},{"id":17368,"code_insee":"27033","nom_standard":"Bacquepuis","nom_a":null,"nom_de":null,"slug_ville":"bacquepuis","departement_id":0,"code_postal":"27930","population":307,"superficie_km2":"510.99","latitude_centre":"49.0906","longitude_centre":"1.0457","distance_km":5.53},{"id":0,"code_insee":"27677","nom_standard":"Venon","nom_a":null,"nom_de":null,"slug_ville":"venon","departement_id":0,"code_postal":"27110","population":389,"superficie_km2":"517.83","latitude_centre":"49.1738","longitude_centre":"1.0514","distance_km":5.93},{"id":0,"code_insee":"27483","nom_standard":"Quatremare","nom_a":null,"nom_de":null,"slug_ville":"quatremare","departement_id":0,"code_postal":"27400","population":450,"superficie_km2":"595.66","latitude_centre":"49.184","longitude_centre":"1.0805","distance_km":6.25},{"id":0,"code_insee":"27401","nom_standard":"Le Mesnil-Fuguet","nom_a":null,"nom_de":null,"slug_ville":"le-mesnil-fuguet","departement_id":0,"code_postal":"27930","population":200,"superficie_km2":"357.14","latitude_centre":"49.0734","longitude_centre":"1.1158","distance_km":6.33},{"id":0,"code_insee":"27403","nom_standard":"Le Mesnil-Jourdain","nom_a":null,"nom_de":null,"slug_ville":"le-mesnil-jourdain","departement_id":0,"code_postal":"27400","population":236,"superficie_km2":"1041.06","latitude_centre":"49.1815","longitude_centre":"1.131","distance_km":6.44},{"id":0,"code_insee":"27570","nom_standard":"Saint-Martin-la-Campagne","nom_a":null,"nom_de":null,"slug_ville":"saint-martin-la-campagne","departement_id":0,"code_postal":"27930","population":99,"superficie_km2":"348.86","latitude_centre":"49.0656","longitude_centre":"1.0756","distance_km":7.14},{"id":0,"code_insee":"27624","nom_standard":"Surville","nom_a":null,"nom_de":null,"slug_ville":"surville","departement_id":0,"code_postal":"27400","population":841,"superficie_km2":"577.25","latitude_centre":"49.2008","longitude_centre":"1.1025","distance_km":8.05},{"id":0,"code_insee":"27031","nom_standard":"Aviron","nom_a":null,"nom_de":null,"slug_ville":"aviron","departement_id":0,"code_postal":"27930","population":1096,"superficie_km2":"734.83","latitude_centre":"49.056","longitude_centre":"1.1195","distance_km":8.27}]}