{"ville":{"id":11222,"code_insee":"04097","nom_standard":"La Javie","nom_a":null,"nom_de":null,"slug_ville":"la-javie","departement_id":0,"code_postal":"04000","population":376,"superficie_km2":"3742.31","latitude_centre":"44.197","longitude_centre":"6.3183","dep_code":"04","dep_nom":"Alpes-de-Haute-Provence","dep_slug":"alpes-de-haute-provence","reg_code":"93","reg_nom":"Provence-Alpes-Côte d'Azur","reg_slug":"provence-alpes-cote-d-azur"},"departement":{"code":"04","nom":"Alpes-de-Haute-Provence","slug":"alpes-de-haute-provence"},"region":{"code":"93","nom":"Provence-Alpes-Côte d'Azur","slug":"provence-alpes-cote-d-azur"},"villes_proches":[{"id":11183,"code_insee":"04036","nom_standard":"Le Brusquet","nom_a":null,"nom_de":null,"slug_ville":"le-brusquet","departement_id":0,"code_postal":"04420","population":965,"superficie_km2":"2230.24","latitude_centre":"44.1725","longitude_centre":"6.3036","distance_km":2.97},{"id":11173,"code_insee":"04024","nom_standard":"Beaujeu","nom_a":null,"nom_de":null,"slug_ville":"beaujeu","departement_id":0,"code_postal":"04420","population":123,"superficie_km2":"4607.04","latitude_centre":"44.2144","longitude_centre":"6.3714","distance_km":4.65},{"id":0,"code_insee":"04167","nom_standard":"La Robine-sur-Galabre","nom_a":null,"nom_de":null,"slug_ville":"la-robine-sur-galabre","departement_id":0,"code_postal":"04000","population":301,"superficie_km2":"6076.69","latitude_centre":"44.1883","longitude_centre":"6.2328","distance_km":6.88},{"id":0,"code_insee":"04113","nom_standard":"Marcoux","nom_a":null,"nom_de":null,"slug_ville":"marcoux","departement_id":0,"code_postal":"04420","population":466,"superficie_km2":"3285.68","latitude_centre":"44.1287","longitude_centre":"6.2818","distance_km":8.13},{"id":11206,"code_insee":"04072","nom_standard":"Draix","nom_a":null,"nom_de":null,"slug_ville":"draix","departement_id":0,"code_postal":"04420","population":114,"superficie_km2":"2315.00","latitude_centre":"44.1331","longitude_centre":"6.375","distance_km":8.42},{"id":0,"code_insee":"04235","nom_standard":"Verdaches","nom_a":null,"nom_de":null,"slug_ville":"verdaches","departement_id":0,"code_postal":"04140","population":61,"superficie_km2":"2392.04","latitude_centre":"44.2718","longitude_centre":"6.3432","distance_km":8.55},{"id":11164,"code_insee":"04009","nom_standard":"Archail","nom_a":null,"nom_de":null,"slug_ville":"archail","departement_id":0,"code_postal":"04420","population":14,"superficie_km2":"1298.41","latitude_centre":"44.115","longitude_centre":"6.3309","distance_km":9.17},{"id":11169,"code_insee":"04020","nom_standard":"Barles","nom_a":null,"nom_de":null,"slug_ville":"barles","departement_id":0,"code_postal":"04140","population":118,"superficie_km2":"5969.54","latitude_centre":"44.2815","longitude_centre":"6.2532","distance_km":10.73},{"id":0,"code_insee":"04155","nom_standard":"Prads-Haute-Bléone","nom_a":null,"nom_de":null,"slug_ville":"prads-haute-bleone","departement_id":0,"code_postal":"04420","population":172,"superficie_km2":"16692.96","latitude_centre":"44.2135","longitude_centre":"6.4598","distance_km":11.43},{"id":0,"code_insee":"04177","nom_standard":"Hautes-Duyes","nom_a":null,"nom_de":null,"slug_ville":"hautes-duyes","departement_id":0,"code_postal":"04380","population":53,"superficie_km2":"2307.47","latitude_centre":"44.1969","longitude_centre":"6.1719","distance_km":11.67},{"id":0,"code_insee":"04237","nom_standard":"Le Vernet","nom_a":null,"nom_de":null,"slug_ville":"le-vernet","departement_id":0,"code_postal":"04140","population":132,"superficie_km2":"2326.76","latitude_centre":"44.2762","longitude_centre":"6.4153","distance_km":11.72},{"id":11168,"code_insee":"04017","nom_standard":"Auzet","nom_a":null,"nom_de":null,"slug_ville":"auzet","departement_id":0,"code_postal":"04140","population":102,"superficie_km2":"3494.57","latitude_centre":"44.3041","longitude_centre":"6.3169","distance_km":11.91},{"id":0,"code_insee":"04070","nom_standard":"Digne-les-Bains","nom_a":null,"nom_de":null,"slug_ville":"digne-les-bains","departement_id":0,"code_postal":"04000","population":17979,"superficie_km2":"10541.75","latitude_centre":"44.0954","longitude_centre":"6.2495","distance_km":12.56},{"id":0,"code_insee":"04214","nom_standard":"Tartonne","nom_a":null,"nom_de":null,"slug_ville":"tartonne","departement_id":0,"code_postal":"04330","population":127,"superficie_km2":"4529.61","latitude_centre":"44.0803","longitude_centre":"6.3798","distance_km":13.87},{"id":11185,"code_insee":"04040","nom_standard":"Le Castellard-Mélan","nom_a":null,"nom_de":null,"slug_ville":"le-castellard-melan","departement_id":0,"code_postal":"04380","population":64,"superficie_km2":"2596.83","latitude_centre":"44.1995","longitude_centre":"6.135","distance_km":14.62},{"id":11167,"code_insee":"04016","nom_standard":"Authon","nom_a":null,"nom_de":null,"slug_ville":"authon","departement_id":0,"code_postal":"04200","population":57,"superficie_km2":"4030.15","latitude_centre":"44.2475","longitude_centre":"6.1442","distance_km":14.97},{"id":0,"code_insee":"04205","nom_standard":"Seyne","nom_a":null,"nom_de":null,"slug_ville":"seyne","departement_id":0,"code_postal":"04140","population":1379,"superficie_km2":"8632.77","latitude_centre":"44.3435","longitude_centre":"6.3802","distance_km":17.02},{"id":11172,"code_insee":"04023","nom_standard":"Bayons","nom_a":null,"nom_de":null,"slug_ville":"bayons","departement_id":0,"code_postal":"04250","population":199,"superficie_km2":"12642.94","latitude_centre":"44.3233","longitude_centre":"6.1832","distance_km":17.69},{"id":11208,"code_insee":"04074","nom_standard":"Entrages","nom_a":null,"nom_de":null,"slug_ville":"entrages","departement_id":0,"code_postal":"04000","population":100,"superficie_km2":"2262.42","latitude_centre":"44.0398","longitude_centre":"6.2732","distance_km":17.85},{"id":0,"code_insee":"04203","nom_standard":"Selonnet","nom_a":null,"nom_de":null,"slug_ville":"selonnet","departement_id":0,"code_postal":"04140","population":443,"superficie_km2":"2975.76","latitude_centre":"44.3713","longitude_centre":"6.299","distance_km":19.44}]}