{"ville":{"id":11270,"code_insee":"04170","nom_standard":"La Rochette","nom_a":null,"nom_de":null,"slug_ville":"la-rochette","departement_id":0,"code_postal":"06260","population":74,"superficie_km2":"1868.45","latitude_centre":"43.9097","longitude_centre":"6.875","dep_code":"04","dep_nom":"Alpes-de-Haute-Provence","dep_slug":"alpes-de-haute-provence","reg_code":"93","reg_nom":"Provence-Alpes-Côte d'Azur","reg_slug":"provence-alpes-cote-d-azur"},"departement":{"code":"04","nom":"Alpes-de-Haute-Provence","slug":"alpes-de-haute-provence"},"region":{"code":"93","nom":"Provence-Alpes-Côte d'Azur","slug":"provence-alpes-cote-d-azur"},"villes_proches":[{"id":0,"code_insee":"06045","nom_standard":"Collongues","nom_a":null,"nom_de":null,"slug_ville":"collongues","departement_id":0,"code_postal":"06910","population":84,"superficie_km2":"1086.45","latitude_centre":"43.8934","longitude_centre":"6.8642","distance_km":2.01},{"id":0,"code_insee":"04194","nom_standard":"Saint-Pierre","nom_a":null,"nom_de":null,"slug_ville":"saint-pierre","departement_id":0,"code_postal":"06260","population":99,"superficie_km2":"548.23","latitude_centre":"43.9114","longitude_centre":"6.922","distance_km":3.77},{"id":0,"code_insee":"06087","nom_standard":"Les Mujouls","nom_a":null,"nom_de":null,"slug_ville":"les-mujouls","departement_id":0,"code_postal":"06910","population":37,"superficie_km2":"1458.12","latitude_centre":"43.8728","longitude_centre":"6.8649","distance_km":4.18},{"id":0,"code_insee":"06131","nom_standard":"Sallagriffon","nom_a":null,"nom_de":null,"slug_ville":"sallagriffon","departement_id":0,"code_postal":"06910","population":47,"superficie_km2":"961.76","latitude_centre":"43.8805","longitude_centre":"6.9117","distance_km":4.38},{"id":0,"code_insee":"06093","nom_standard":"La Penne","nom_a":null,"nom_de":null,"slug_ville":"la-penne","departement_id":0,"code_postal":"06260","population":254,"superficie_km2":"1798.18","latitude_centre":"43.9202","longitude_centre":"6.9361","distance_km":5.03},{"id":0,"code_insee":"06099","nom_standard":"Puget-Théniers","nom_a":null,"nom_de":null,"slug_ville":"puget-theniers","departement_id":0,"code_postal":"06260","population":1798,"superficie_km2":"2135.02","latitude_centre":"43.9498","longitude_centre":"6.9049","distance_km":5.06},{"id":0,"code_insee":"06002","nom_standard":"Amirat","nom_a":null,"nom_de":null,"slug_ville":"amirat","departement_id":0,"code_postal":"06910","population":45,"superficie_km2":"1297.04","latitude_centre":"43.8973","longitude_centre":"6.8108","distance_km":5.33},{"id":0,"code_insee":"06063","nom_standard":"Gars","nom_a":null,"nom_de":null,"slug_ville":"gars","departement_id":0,"code_postal":"06850","population":65,"superficie_km2":"1542.36","latitude_centre":"43.8612","longitude_centre":"6.8202","distance_km":6.95},{"id":11210,"code_insee":"04076","nom_standard":"Entrevaux","nom_a":null,"nom_de":null,"slug_ville":"entrevaux","departement_id":0,"code_postal":"04320","population":769,"superficie_km2":"6087.55","latitude_centre":"43.9522","longitude_centre":"6.8067","distance_km":7.23},{"id":0,"code_insee":"06001","nom_standard":"Aiglun","nom_a":null,"nom_de":null,"slug_ville":"aiglun","departement_id":0,"code_postal":"06910","population":104,"superficie_km2":"1539.20","latitude_centre":"43.8552","longitude_centre":"6.9348","distance_km":7.73},{"id":0,"code_insee":"06115","nom_standard":"Saint-Antonin","nom_a":null,"nom_de":null,"slug_ville":"saint-antonin","departement_id":0,"code_postal":"06260","population":85,"superficie_km2":"638.24","latitude_centre":"43.9085","longitude_centre":"6.9739","distance_km":7.92},{"id":0,"code_insee":"06081","nom_standard":"Le Mas","nom_a":null,"nom_de":null,"slug_ville":"le-mas","departement_id":0,"code_postal":"06910","population":97,"superficie_km2":"3227.28","latitude_centre":"43.8388","longitude_centre":"6.8572","distance_km":8.01},{"id":11188,"code_insee":"04043","nom_standard":"Val-de-Chalvagne","nom_a":null,"nom_de":null,"slug_ville":"val-de-chalvagne","departement_id":0,"code_postal":"04320","population":81,"superficie_km2":"3266.63","latitude_centre":"43.9036","longitude_centre":"6.7745","distance_km":8.08},{"id":0,"code_insee":"06135","nom_standard":"Sigale","nom_a":null,"nom_de":null,"slug_ville":"sigale","departement_id":0,"code_postal":"06910","population":204,"superficie_km2":"554.96","latitude_centre":"43.8742","longitude_centre":"6.9652","distance_km":8.24},{"id":0,"code_insee":"06052","nom_standard":"Cuébris","nom_a":null,"nom_de":null,"slug_ville":"cuebris","departement_id":0,"code_postal":"06910","population":130,"superficie_km2":"2297.52","latitude_centre":"43.889","longitude_centre":"6.9955","distance_km":9.93},{"id":0,"code_insee":"06051","nom_standard":"La Croix-sur-Roudoule","nom_a":null,"nom_de":null,"slug_ville":"la-croix-sur-roudoule","departement_id":0,"code_postal":"06260","population":96,"superficie_km2":"2989.24","latitude_centre":"44.0032","longitude_centre":"6.871","distance_km":10.4},{"id":0,"code_insee":"06124","nom_standard":"Saint-Léger","nom_a":null,"nom_de":null,"slug_ville":"saint-leger","departement_id":0,"code_postal":"06260","population":61,"superficie_km2":"451.30","latitude_centre":"44.0014","longitude_centre":"6.8189","distance_km":11.14},{"id":0,"code_insee":"06008","nom_standard":"Auvare","nom_a":null,"nom_de":null,"slug_ville":"auvare","departement_id":0,"code_postal":"06260","population":52,"superficie_km2":"1796.23","latitude_centre":"44.0062","longitude_centre":"6.9133","distance_km":11.16},{"id":0,"code_insee":"06098","nom_standard":"Puget-Rostang","nom_a":null,"nom_de":null,"slug_ville":"puget-rostang","departement_id":0,"code_postal":"06260","population":116,"superficie_km2":"2240.16","latitude_centre":"44.0056","longitude_centre":"6.9333","distance_km":11.64},{"id":0,"code_insee":"06070","nom_standard":"Gréolières","nom_a":null,"nom_de":null,"slug_ville":"greolieres","departement_id":0,"code_postal":"06620","population":631,"superficie_km2":"5293.28","latitude_centre":"43.8037","longitude_centre":"6.9296","distance_km":12.57}]}