{"ville":{"id":10071,"code_insee":"01206","nom_standard":"Lantenay","nom_a":null,"nom_de":null,"slug_ville":"lantenay","departement_id":0,"code_postal":"01430","population":260,"superficie_km2":"650.51","latitude_centre":"46.0531","longitude_centre":"5.5379","dep_code":"01","dep_nom":"Ain","dep_slug":"ain","reg_code":"84","reg_nom":"Auvergne-Rhône-Alpes","reg_slug":"auvergne-rhone-alpes"},"departement":{"code":"01","nom":"Ain","slug":"ain"},"region":{"code":"84","nom":"Auvergne-Rhône-Alpes","slug":"auvergne-rhone-alpes"},"villes_proches":[{"id":0,"code_insee":"01282","nom_standard":"Outriaz","nom_a":null,"nom_de":null,"slug_ville":"outriaz","departement_id":0,"code_postal":"01430","population":263,"superficie_km2":"590.22","latitude_centre":"46.0631","longitude_centre":"5.5543","distance_km":1.68},{"id":10065,"code_insee":"01191","nom_standard":"Izenave","nom_a":null,"nom_de":null,"slug_ville":"izenave","departement_id":0,"code_postal":"01430","population":162,"superficie_km2":"1314.12","latitude_centre":"46.038","longitude_centre":"5.5234","distance_km":2.02},{"id":10036,"code_insee":"01121","nom_standard":"Corlier","nom_a":null,"nom_de":null,"slug_ville":"corlier","departement_id":0,"code_postal":"01110","population":116,"superficie_km2":"554.59","latitude_centre":"46.0369","longitude_centre":"5.5003","distance_km":3.42},{"id":0,"code_insee":"01441","nom_standard":"Vieu-d'Izenave","nom_a":null,"nom_de":null,"slug_ville":"vieu-d-izenave","departement_id":0,"code_postal":"01430","population":719,"superficie_km2":"2009.94","latitude_centre":"46.0823","longitude_centre":"5.5555","distance_km":3.52},{"id":10013,"code_insee":"01080","nom_standard":"Champdor-Corcelles","nom_a":null,"nom_de":null,"slug_ville":"champdor-corcelles","departement_id":0,"code_postal":"01110","population":665,"superficie_km2":"3148.70","latitude_centre":"46.0371","longitude_centre":"5.5882","distance_km":4.27},{"id":10008,"code_insee":"01068","nom_standard":"Cerdon","nom_a":null,"nom_de":null,"slug_ville":"cerdon","departement_id":0,"code_postal":"01450","population":747,"superficie_km2":"1209.81","latitude_centre":"46.075","longitude_centre":"5.4755","distance_km":5.4},{"id":10069,"code_insee":"01200","nom_standard":"Labalme","nom_a":null,"nom_de":null,"slug_ville":"labalme","departement_id":0,"code_postal":"01450","population":204,"superficie_km2":"893.12","latitude_centre":"46.0915","longitude_centre":"5.4945","distance_km":5.43},{"id":10031,"code_insee":"01112","nom_standard":"Condamine","nom_a":null,"nom_de":null,"slug_ville":"condamine","departement_id":0,"code_postal":"01430","population":480,"superficie_km2":"453.91","latitude_centre":"46.1056","longitude_centre":"5.5596","distance_km":6.07},{"id":10000,"code_insee":"01056","nom_standard":"Boyeux-Saint-Jérôme","nom_a":null,"nom_de":null,"slug_ville":"boyeux-saint-jerome","departement_id":0,"code_postal":"01640","population":367,"superficie_km2":"1671.47","latitude_centre":"46.0356","longitude_centre":"5.4616","distance_km":6.2},{"id":10003,"code_insee":"01060","nom_standard":"Brénod","nom_a":null,"nom_de":null,"slug_ville":"brenod","departement_id":0,"code_postal":"01110","population":576,"superficie_km2":"2402.27","latitude_centre":"46.0791","longitude_centre":"5.6116","distance_km":6.38},{"id":9977,"code_insee":"01012","nom_standard":"Aranc","nom_a":null,"nom_de":null,"slug_ville":"aranc","departement_id":0,"code_postal":"01110","population":331,"superficie_km2":"2171.31","latitude_centre":"45.9972","longitude_centre":"5.514","distance_km":6.48},{"id":10024,"code_insee":"01101","nom_standard":"Chevillard","nom_a":null,"nom_de":null,"slug_ville":"chevillard","departement_id":0,"code_postal":"01430","population":149,"superficie_km2":"663.50","latitude_centre":"46.1087","longitude_centre":"5.5815","distance_km":7.04},{"id":0,"code_insee":"01242","nom_standard":"Mérignat","nom_a":null,"nom_de":null,"slug_ville":"merignat","departement_id":0,"code_postal":"01450","population":129,"superficie_km2":"316.75","latitude_centre":"46.065","longitude_centre":"5.4425","distance_km":7.48},{"id":0,"code_insee":"01228","nom_standard":"Maillat","nom_a":null,"nom_de":null,"slug_ville":"maillat","departement_id":0,"code_postal":"01430","population":669,"superficie_km2":"1151.84","latitude_centre":"46.1204","longitude_centre":"5.535","distance_km":7.49},{"id":0,"code_insee":"01331","nom_standard":"Saint-Alban","nom_a":null,"nom_de":null,"slug_ville":"saint-alban","departement_id":0,"code_postal":"01450","population":195,"superficie_km2":"822.56","latitude_centre":"46.0968","longitude_centre":"5.4568","distance_km":7.92},{"id":0,"code_insee":"01277","nom_standard":"Nivollet-Montgriffon","nom_a":null,"nom_de":null,"slug_ville":"nivollet-montgriffon","departement_id":0,"code_postal":"01230","population":122,"superficie_km2":"846.10","latitude_centre":"46.0002","longitude_centre":"5.4567","distance_km":8.6},{"id":10007,"code_insee":"01067","nom_standard":"Ceignes","nom_a":null,"nom_de":null,"slug_ville":"ceignes","departement_id":0,"code_postal":"01430","population":257,"superficie_km2":"1016.70","latitude_centre":"46.1258","longitude_centre":"5.4957","distance_km":8.71},{"id":0,"code_insee":"01373","nom_standard":"Saint-Martin-du-Frêne","nom_a":null,"nom_de":null,"slug_ville":"saint-martin-du-frene","departement_id":0,"code_postal":"01430","population":1023,"superficie_km2":"1950.42","latitude_centre":"46.1345","longitude_centre":"5.5711","distance_km":9.41},{"id":10051,"code_insee":"01155","nom_standard":"Évosges","nom_a":null,"nom_de":null,"slug_ville":"evosges","departement_id":0,"code_postal":"01230","population":142,"superficie_km2":"1202.71","latitude_centre":"45.963","longitude_centre":"5.5008","distance_km":10.42},{"id":0,"code_insee":"01293","nom_standard":"Peyriat","nom_a":null,"nom_de":null,"slug_ville":"peyriat","departement_id":0,"code_postal":"01430","population":153,"superficie_km2":"610.70","latitude_centre":"46.1486","longitude_centre":"5.506","distance_km":10.9}]}