{"ville":{"id":13970,"code_insee":"15102","nom_standard":"Lavigerie","nom_a":null,"nom_de":null,"slug_ville":"lavigerie","departement_id":0,"code_postal":"15300","population":116,"superficie_km2":"2418.88","latitude_centre":"45.1274","longitude_centre":"2.7269","dep_code":"15","dep_nom":"Cantal","dep_slug":"cantal","reg_code":"84","reg_nom":"Auvergne-Rhône-Alpes","reg_slug":"auvergne-rhone-alpes"},"departement":{"code":"15","nom":"Cantal","slug":"cantal"},"region":{"code":"84","nom":"Auvergne-Rhône-Alpes","slug":"auvergne-rhone-alpes"},"villes_proches":[{"id":13924,"code_insee":"15050","nom_standard":"Le Claux","nom_a":null,"nom_de":null,"slug_ville":"le-claux","departement_id":0,"code_postal":"15400","population":160,"superficie_km2":"2798.49","latitude_centre":"45.1433","longitude_centre":"2.7038","distance_km":2.53},{"id":13969,"code_insee":"15101","nom_standard":"Laveissière","nom_a":null,"nom_de":null,"slug_ville":"laveissiere","departement_id":0,"code_postal":"15300","population":537,"superficie_km2":"3525.19","latitude_centre":"45.0985","longitude_centre":"2.7837","distance_km":5.49},{"id":0,"code_insee":"15113","nom_standard":"Mandailles-Saint-Julien","nom_a":null,"nom_de":null,"slug_ville":"mandailles-saint-julien","departement_id":0,"code_postal":"15590","population":172,"superficie_km2":"3541.77","latitude_centre":"45.0775","longitude_centre":"2.6649","distance_km":7.38},{"id":13935,"code_insee":"15061","nom_standard":"Dienne","nom_a":null,"nom_de":null,"slug_ville":"dienne","departement_id":0,"code_postal":"15300","population":235,"superficie_km2":"4639.92","latitude_centre":"45.1614","longitude_centre":"2.8112","distance_km":7.62},{"id":13939,"code_insee":"15066","nom_standard":"Le Falgoux","nom_a":null,"nom_de":null,"slug_ville":"le-falgoux","departement_id":0,"code_postal":"15380","population":113,"superficie_km2":"3063.62","latitude_centre":"45.142","longitude_centre":"2.6299","distance_km":7.78},{"id":0,"code_insee":"15192","nom_standard":"Saint-Jacques-des-Blats","nom_a":null,"nom_de":null,"slug_ville":"saint-jacques-des-blats","departement_id":0,"code_postal":"15800","population":305,"superficie_km2":"3131.02","latitude_centre":"45.0536","longitude_centre":"2.7185","distance_km":8.23},{"id":13923,"code_insee":"15049","nom_standard":"Cheylade","nom_a":null,"nom_de":null,"slug_ville":"cheylade","departement_id":0,"code_postal":"15400","population":230,"superficie_km2":"3271.54","latitude_centre":"45.2087","longitude_centre":"2.7097","distance_km":9.14},{"id":13903,"code_insee":"15025","nom_standard":"Albepierre-Bredons","nom_a":null,"nom_de":null,"slug_ville":"albepierre-bredons","departement_id":0,"code_postal":"15300","population":242,"superficie_km2":"3444.13","latitude_centre":"45.0777","longitude_centre":"2.8268","distance_km":9.59},{"id":0,"code_insee":"15138","nom_standard":"Murat","nom_a":null,"nom_de":null,"slug_ville":"murat","departement_id":0,"code_postal":"15300","population":1770,"superficie_km2":"2017.44","latitude_centre":"45.1236","longitude_centre":"2.8501","distance_km":9.67},{"id":0,"code_insee":"15190","nom_standard":"Saint-Hippolyte","nom_a":null,"nom_de":null,"slug_ville":"saint-hippolyte","departement_id":0,"code_postal":"15400","population":99,"superficie_km2":"1404.35","latitude_centre":"45.2178","longitude_centre":"2.7081","distance_km":10.16},{"id":13940,"code_insee":"15067","nom_standard":"Le Fau","nom_a":null,"nom_de":null,"slug_ville":"le-fau","departement_id":0,"code_postal":"15140","population":34,"superficie_km2":"1946.13","latitude_centre":"45.1106","longitude_centre":"2.5971","distance_km":10.35},{"id":13926,"code_insee":"15052","nom_standard":"Collandres","nom_a":null,"nom_de":null,"slug_ville":"collandres","departement_id":0,"code_postal":"15400","population":155,"superficie_km2":"4338.67","latitude_centre":"45.213","longitude_centre":"2.6387","distance_km":11.76},{"id":0,"code_insee":"15225","nom_standard":"Ségur-les-Villas","nom_a":null,"nom_de":null,"slug_ville":"segur-les-villas","departement_id":0,"code_postal":"15300","population":215,"superficie_km2":"2707.14","latitude_centre":"45.2094","longitude_centre":"2.8237","distance_km":11.86},{"id":0,"code_insee":"15213","nom_standard":"Saint-Saturnin","nom_a":null,"nom_de":null,"slug_ville":"saint-saturnin","departement_id":0,"code_postal":"15190","population":186,"superficie_km2":"3890.47","latitude_centre":"45.2268","longitude_centre":"2.7978","distance_km":12.37},{"id":0,"code_insee":"15236","nom_standard":"Thiézac","nom_a":null,"nom_de":null,"slug_ville":"thiezac","departement_id":0,"code_postal":"15800","population":590,"superficie_km2":"4150.66","latitude_centre":"45.0198","longitude_centre":"2.667","distance_km":12.86},{"id":13890,"code_insee":"15009","nom_standard":"Apchon","nom_a":null,"nom_de":null,"slug_ville":"apchon","departement_id":0,"code_postal":"15400","population":177,"superficie_km2":"1254.01","latitude_centre":"45.2446","longitude_centre":"2.7013","distance_km":13.19},{"id":13904,"code_insee":"15026","nom_standard":"Brezons","nom_a":null,"nom_de":null,"slug_ville":"brezons","departement_id":0,"code_postal":"15230","population":177,"superficie_km2":"4348.15","latitude_centre":"45.005","longitude_centre":"2.7865","distance_km":14.39},{"id":0,"code_insee":"15112","nom_standard":"Malbo","nom_a":null,"nom_de":null,"slug_ville":"malbo","departement_id":0,"code_postal":"15230","population":90,"superficie_km2":"2938.69","latitude_centre":"44.9857","longitude_centre":"2.7554","distance_km":15.91},{"id":0,"code_insee":"15116","nom_standard":"Marchastel","nom_a":null,"nom_de":null,"slug_ville":"marchastel","departement_id":0,"code_postal":"15400","population":131,"superficie_km2":"2301.85","latitude_centre":"45.2718","longitude_centre":"2.7334","distance_km":16.06},{"id":0,"code_insee":"15180","nom_standard":"Saint-Clément","nom_a":null,"nom_de":null,"slug_ville":"saint-clement","departement_id":0,"code_postal":"15800","population":80,"superficie_km2":"1728.49","latitude_centre":"44.985","longitude_centre":"2.6836","distance_km":16.2}]}