{"ville":{"id":33798,"code_insee":"84011","nom_standard":"Le Beaucet","nom_a":null,"nom_de":null,"slug_ville":"le-beaucet","departement_id":0,"code_postal":"84210","population":397,"superficie_km2":"903.94","latitude_centre":"43.9761","longitude_centre":"5.1341","dep_code":"84","dep_nom":"Vaucluse","dep_slug":"vaucluse","reg_code":"93","reg_nom":"Provence-Alpes-Côte d'Azur","reg_slug":"provence-alpes-cote-d-azur"},"departement":{"code":"84","nom":"Vaucluse","slug":"vaucluse"},"region":{"code":"93","nom":"Provence-Alpes-Côte d'Azur","slug":"provence-alpes-cote-d-azur"},"villes_proches":[{"id":0,"code_insee":"84101","nom_standard":"La Roque-sur-Pernes","nom_a":null,"nom_de":null,"slug_ville":"la-roque-sur-pernes","departement_id":0,"code_postal":"84210","population":437,"superficie_km2":"1107.37","latitude_centre":"43.9782","longitude_centre":"5.104","distance_km":2.42},{"id":0,"code_insee":"84143","nom_standard":"Venasque","nom_a":null,"nom_de":null,"slug_ville":"venasque","departement_id":0,"code_postal":"84210","population":1082,"superficie_km2":"3507.05","latitude_centre":"43.9866","longitude_centre":"5.1684","distance_km":2.98},{"id":0,"code_insee":"84108","nom_standard":"Saint-Didier","nom_a":null,"nom_de":null,"slug_ville":"saint-didier","departement_id":0,"code_postal":"84210","population":2208,"superficie_km2":"365.99","latitude_centre":"44.0108","longitude_centre":"5.1093","distance_km":4.34},{"id":0,"code_insee":"84124","nom_standard":"Saumane-de-Vaucluse","nom_a":null,"nom_de":null,"slug_ville":"saumane-de-vaucluse","departement_id":0,"code_postal":"84800","population":886,"superficie_km2":"2095.58","latitude_centre":"43.9334","longitude_centre":"5.1201","distance_km":4.88},{"id":0,"code_insee":"84070","nom_standard":"Malemort-du-Comtat","nom_a":null,"nom_de":null,"slug_ville":"malemort-du-comtat","departement_id":0,"code_postal":"84570","population":1969,"superficie_km2":"1198.13","latitude_centre":"44.0171","longitude_centre":"5.1646","distance_km":5.17},{"id":0,"code_insee":"84139","nom_standard":"Fontaine-de-Vaucluse","nom_a":null,"nom_de":null,"slug_ville":"fontaine-de-vaucluse","departement_id":0,"code_postal":"84800","population":585,"superficie_km2":"717.37","latitude_centre":"43.9244","longitude_centre":"5.1307","distance_km":5.76},{"id":0,"code_insee":"84062","nom_standard":"Lagnes","nom_a":null,"nom_de":null,"slug_ville":"lagnes","departement_id":0,"code_postal":"84800","population":1742,"superficie_km2":"1687.49","latitude_centre":"43.9044","longitude_centre":"5.1181","distance_km":8.07},{"id":0,"code_insee":"84025","nom_standard":"Cabrières-d'Avignon","nom_a":null,"nom_de":null,"slug_ville":"cabrieres-d-avignon","departement_id":0,"code_postal":"84220","population":1686,"superficie_km2":"1456.27","latitude_centre":"43.9034","longitude_centre":"5.1494","distance_km":8.18},{"id":0,"code_insee":"84072","nom_standard":"Mazan","nom_a":null,"nom_de":null,"slug_ville":"mazan","departement_id":0,"code_postal":"84380","population":6285,"superficie_km2":"3796.11","latitude_centre":"44.0528","longitude_centre":"5.1333","distance_km":8.53},{"id":0,"code_insee":"84088","nom_standard":"Pernes-les-Fontaines","nom_a":null,"nom_de":null,"slug_ville":"pernes-les-fontaines","departement_id":0,"code_postal":"84210","population":10504,"superficie_km2":"5105.89","latitude_centre":"43.9966","longitude_centre":"5.0289","distance_km":8.72},{"id":0,"code_insee":"84054","nom_standard":"L'Isle-sur-la-Sorgue","nom_a":null,"nom_de":null,"slug_ville":"l-isle-sur-la-sorgue","departement_id":0,"code_postal":"84800","population":20244,"superficie_km2":"4462.01","latitude_centre":"43.9191","longitude_centre":"5.0588","distance_km":8.75},{"id":0,"code_insee":"84085","nom_standard":"Murs","nom_a":null,"nom_de":null,"slug_ville":"murs","departement_id":0,"code_postal":"84220","population":376,"superficie_km2":"3140.05","latitude_centre":"43.965","longitude_centre":"5.2432","distance_km":8.82},{"id":0,"code_insee":"84050","nom_standard":"Gordes","nom_a":null,"nom_de":null,"slug_ville":"gordes","departement_id":0,"code_postal":"84220","population":1661,"superficie_km2":"4892.10","latitude_centre":"43.9074","longitude_centre":"5.204","distance_km":9.47},{"id":0,"code_insee":"84142","nom_standard":"Velleron","nom_a":null,"nom_de":null,"slug_ville":"velleron","departement_id":0,"code_postal":"84740","population":3168,"superficie_km2":"1643.14","latitude_centre":"43.9604","longitude_centre":"5.0145","distance_km":9.73},{"id":0,"code_insee":"84075","nom_standard":"Méthamis","nom_a":null,"nom_de":null,"slug_ville":"methamis","departement_id":0,"code_postal":"84570","population":450,"superficie_km2":"3706.51","latitude_centre":"44.0153","longitude_centre":"5.2483","distance_km":10.12},{"id":0,"code_insee":"84018","nom_standard":"Blauvac","nom_a":null,"nom_de":null,"slug_ville":"blauvac","departement_id":0,"code_postal":"84570","population":573,"superficie_km2":"2106.14","latitude_centre":"44.0356","longitude_centre":"5.2418","distance_km":10.86},{"id":0,"code_insee":"84082","nom_standard":"Mormoiron","nom_a":null,"nom_de":null,"slug_ville":"mormoiron","departement_id":0,"code_postal":"84570","population":1884,"superficie_km2":"2522.77","latitude_centre":"44.0686","longitude_centre":"5.1918","distance_km":11.27},{"id":0,"code_insee":"84031","nom_standard":"Carpentras","nom_a":null,"nom_de":null,"slug_ville":"carpentras","departement_id":0,"code_postal":"84200","population":31619,"superficie_km2":"3792.10","latitude_centre":"44.0629","longitude_centre":"5.0584","distance_km":11.39},{"id":0,"code_insee":"84114","nom_standard":"Saint-Pantaléon","nom_a":null,"nom_de":null,"slug_ville":"saint-pantaleon","departement_id":0,"code_postal":"84220","population":222,"superficie_km2":"79.16","latitude_centre":"43.8787","longitude_centre":"5.2154","distance_km":12.64},{"id":0,"code_insee":"84115","nom_standard":"Saint-Pierre-de-Vassols","nom_a":null,"nom_de":null,"slug_ville":"saint-pierre-de-vassols","departement_id":0,"code_postal":"84330","population":499,"superficie_km2":"499.89","latitude_centre":"44.0983","longitude_centre":"5.1463","distance_km":13.62}]}