{"ville":{"id":11508,"code_insee":"06081","nom_standard":"Le Mas","nom_a":null,"nom_de":null,"slug_ville":"le-mas","departement_id":0,"code_postal":"06910","population":97,"superficie_km2":"3227.28","latitude_centre":"43.8388","longitude_centre":"6.8572","dep_code":"06","dep_nom":"Alpes-Maritimes","dep_slug":"alpes-maritimes","reg_code":"93","reg_nom":"Provence-Alpes-Côte d'Azur","reg_slug":"provence-alpes-cote-d-azur"},"departement":{"code":"06","nom":"Alpes-Maritimes","slug":"alpes-maritimes"},"region":{"code":"93","nom":"Provence-Alpes-Côte d'Azur","slug":"provence-alpes-cote-d-azur"},"villes_proches":[{"id":0,"code_insee":"06087","nom_standard":"Les Mujouls","nom_a":null,"nom_de":null,"slug_ville":"les-mujouls","departement_id":0,"code_postal":"06910","population":37,"superficie_km2":"1458.12","latitude_centre":"43.8728","longitude_centre":"6.8649","distance_km":3.83},{"id":11499,"code_insee":"06063","nom_standard":"Gars","nom_a":null,"nom_de":null,"slug_ville":"gars","departement_id":0,"code_postal":"06850","population":65,"superficie_km2":"1542.36","latitude_centre":"43.8612","longitude_centre":"6.8202","distance_km":3.87},{"id":11487,"code_insee":"06045","nom_standard":"Collongues","nom_a":null,"nom_de":null,"slug_ville":"collongues","departement_id":0,"code_postal":"06910","population":84,"superficie_km2":"1086.45","latitude_centre":"43.8934","longitude_centre":"6.8642","distance_km":6.1},{"id":0,"code_insee":"06131","nom_standard":"Sallagriffon","nom_a":null,"nom_de":null,"slug_ville":"sallagriffon","departement_id":0,"code_postal":"06910","population":47,"superficie_km2":"961.76","latitude_centre":"43.8805","longitude_centre":"6.9117","distance_km":6.37},{"id":11465,"code_insee":"06001","nom_standard":"Aiglun","nom_a":null,"nom_de":null,"slug_ville":"aiglun","departement_id":0,"code_postal":"06910","population":104,"superficie_km2":"1539.20","latitude_centre":"43.8552","longitude_centre":"6.9348","distance_km":6.48},{"id":11501,"code_insee":"06070","nom_standard":"Gréolières","nom_a":null,"nom_de":null,"slug_ville":"greolieres","departement_id":0,"code_postal":"06620","population":631,"superficie_km2":"5293.28","latitude_centre":"43.8037","longitude_centre":"6.9296","distance_km":7.0},{"id":11466,"code_insee":"06002","nom_standard":"Amirat","nom_a":null,"nom_de":null,"slug_ville":"amirat","departement_id":0,"code_postal":"06910","population":45,"superficie_km2":"1297.04","latitude_centre":"43.8973","longitude_centre":"6.8108","distance_km":7.49},{"id":11467,"code_insee":"06003","nom_standard":"Andon","nom_a":null,"nom_de":null,"slug_ville":"andon","departement_id":0,"code_postal":"06750","population":665,"superficie_km2":"5437.28","latitude_centre":"43.7755","longitude_centre":"6.8211","distance_km":7.61},{"id":11270,"code_insee":"04170","nom_standard":"La Rochette","nom_a":null,"nom_de":null,"slug_ville":"la-rochette","departement_id":0,"code_postal":"06260","population":74,"superficie_km2":"1868.45","latitude_centre":"43.9097","longitude_centre":"6.875","distance_km":8.01},{"id":0,"code_insee":"06135","nom_standard":"Sigale","nom_a":null,"nom_de":null,"slug_ville":"sigale","departement_id":0,"code_postal":"06910","population":204,"superficie_km2":"554.96","latitude_centre":"43.8742","longitude_centre":"6.9652","distance_km":9.51},{"id":11290,"code_insee":"04194","nom_standard":"Saint-Pierre","nom_a":null,"nom_de":null,"slug_ville":"saint-pierre","departement_id":0,"code_postal":"06260","population":99,"superficie_km2":"548.23","latitude_centre":"43.9114","longitude_centre":"6.922","distance_km":9.6},{"id":11484,"code_insee":"06041","nom_standard":"Cipières","nom_a":null,"nom_de":null,"slug_ville":"cipieres","departement_id":0,"code_postal":"06620","population":393,"superficie_km2":"3826.04","latitude_centre":"43.7665","longitude_centre":"6.9229","distance_km":9.61},{"id":0,"code_insee":"06116","nom_standard":"Saint-Auban","nom_a":null,"nom_de":null,"slug_ville":"saint-auban","departement_id":0,"code_postal":"06850","population":194,"superficie_km2":"4276.28","latitude_centre":"43.8319","longitude_centre":"6.7367","distance_km":9.7},{"id":11188,"code_insee":"04043","nom_standard":"Val-de-Chalvagne","nom_a":null,"nom_de":null,"slug_ville":"val-de-chalvagne","departement_id":0,"code_postal":"04320","population":81,"superficie_km2":"3266.63","latitude_centre":"43.9036","longitude_centre":"6.7745","distance_km":9.79},{"id":11478,"code_insee":"06024","nom_standard":"Briançonnet","nom_a":null,"nom_de":null,"slug_ville":"brianconnet","departement_id":0,"code_postal":"06850","population":165,"superficie_km2":"2458.46","latitude_centre":"43.8654","longitude_centre":"6.7325","distance_km":10.43},{"id":0,"code_insee":"06093","nom_standard":"La Penne","nom_a":null,"nom_de":null,"slug_ville":"la-penne","departement_id":0,"code_postal":"06260","population":254,"superficie_km2":"1798.18","latitude_centre":"43.9202","longitude_centre":"6.9361","distance_km":11.04},{"id":11479,"code_insee":"06028","nom_standard":"Caille","nom_a":null,"nom_de":null,"slug_ville":"caille","departement_id":0,"code_postal":"06750","population":441,"superficie_km2":"1700.58","latitude_centre":"43.7686","longitude_centre":"6.7544","distance_km":11.36},{"id":11481,"code_insee":"06037","nom_standard":"Caussols","nom_a":null,"nom_de":null,"slug_ville":"caussols","departement_id":0,"code_postal":"06460","population":332,"superficie_km2":"2767.46","latitude_centre":"43.7387","longitude_centre":"6.9071","distance_km":11.83},{"id":0,"code_insee":"06099","nom_standard":"Puget-Théniers","nom_a":null,"nom_de":null,"slug_ville":"puget-theniers","departement_id":0,"code_postal":"06260","population":1798,"superficie_km2":"2135.02","latitude_centre":"43.9498","longitude_centre":"6.9049","distance_km":12.92},{"id":11210,"code_insee":"04076","nom_standard":"Entrevaux","nom_a":null,"nom_de":null,"slug_ville":"entrevaux","departement_id":0,"code_postal":"04320","population":769,"superficie_km2":"6087.55","latitude_centre":"43.9522","longitude_centre":"6.8067","distance_km":13.24}]}