{"ville":{"id":10083,"code_insee":"01228","nom_standard":"Maillat","nom_a":null,"nom_de":null,"slug_ville":"maillat","departement_id":0,"code_postal":"01430","population":669,"superficie_km2":"1151.84","latitude_centre":"46.1204","longitude_centre":"5.535","dep_code":"01","dep_nom":"Ain","dep_slug":"ain","reg_code":"84","reg_nom":"Auvergne-Rhône-Alpes","reg_slug":"auvergne-rhone-alpes"},"departement":{"code":"01","nom":"Ain","slug":"ain"},"region":{"code":"84","nom":"Auvergne-Rhône-Alpes","slug":"auvergne-rhone-alpes"},"villes_proches":[{"id":10031,"code_insee":"01112","nom_standard":"Condamine","nom_a":null,"nom_de":null,"slug_ville":"condamine","departement_id":0,"code_postal":"01430","population":480,"superficie_km2":"453.91","latitude_centre":"46.1056","longitude_centre":"5.5596","distance_km":2.51},{"id":10007,"code_insee":"01067","nom_standard":"Ceignes","nom_a":null,"nom_de":null,"slug_ville":"ceignes","departement_id":0,"code_postal":"01430","population":257,"superficie_km2":"1016.70","latitude_centre":"46.1258","longitude_centre":"5.4957","distance_km":3.09},{"id":0,"code_insee":"01373","nom_standard":"Saint-Martin-du-Frêne","nom_a":null,"nom_de":null,"slug_ville":"saint-martin-du-frene","departement_id":0,"code_postal":"01430","population":1023,"superficie_km2":"1950.42","latitude_centre":"46.1345","longitude_centre":"5.5711","distance_km":3.19},{"id":10024,"code_insee":"01101","nom_standard":"Chevillard","nom_a":null,"nom_de":null,"slug_ville":"chevillard","departement_id":0,"code_postal":"01430","population":149,"superficie_km2":"663.50","latitude_centre":"46.1087","longitude_centre":"5.5815","distance_km":3.81},{"id":0,"code_insee":"01293","nom_standard":"Peyriat","nom_a":null,"nom_de":null,"slug_ville":"peyriat","departement_id":0,"code_postal":"01430","population":153,"superficie_km2":"610.70","latitude_centre":"46.1486","longitude_centre":"5.506","distance_km":3.85},{"id":10069,"code_insee":"01200","nom_standard":"Labalme","nom_a":null,"nom_de":null,"slug_ville":"labalme","departement_id":0,"code_postal":"01450","population":204,"superficie_km2":"893.12","latitude_centre":"46.0915","longitude_centre":"5.4945","distance_km":4.48},{"id":0,"code_insee":"01441","nom_standard":"Vieu-d'Izenave","nom_a":null,"nom_de":null,"slug_ville":"vieu-d-izenave","departement_id":0,"code_postal":"01430","population":719,"superficie_km2":"2009.94","latitude_centre":"46.0823","longitude_centre":"5.5555","distance_km":4.52},{"id":0,"code_insee":"01307","nom_standard":"Port","nom_a":null,"nom_de":null,"slug_ville":"port","departement_id":0,"code_postal":"01460","population":832,"superficie_km2":"428.83","latitude_centre":"46.1535","longitude_centre":"5.581","distance_km":5.11},{"id":10005,"code_insee":"01063","nom_standard":"Brion","nom_a":null,"nom_de":null,"slug_ville":"brion","departement_id":0,"code_postal":"01460","population":592,"superficie_km2":"448.64","latitude_centre":"46.1689","longitude_centre":"5.5477","distance_km":5.48},{"id":10011,"code_insee":"01077","nom_standard":"Challes-la-Montagne","nom_a":null,"nom_de":null,"slug_ville":"challes-la-montagne","departement_id":0,"code_postal":"01450","population":184,"superficie_km2":"776.42","latitude_centre":"46.1237","longitude_centre":"5.456","distance_km":6.1},{"id":10077,"code_insee":"01214","nom_standard":"Leyssard","nom_a":null,"nom_de":null,"slug_ville":"leyssard","departement_id":0,"code_postal":"01450","population":164,"superficie_km2":"933.13","latitude_centre":"46.1605","longitude_centre":"5.4767","distance_km":6.33},{"id":0,"code_insee":"01269","nom_standard":"Nantua","nom_a":null,"nom_de":null,"slug_ville":"nantua","departement_id":0,"code_postal":"01130","population":3416,"superficie_km2":"1453.12","latitude_centre":"46.1486","longitude_centre":"5.6079","distance_km":6.43},{"id":0,"code_insee":"01282","nom_standard":"Outriaz","nom_a":null,"nom_de":null,"slug_ville":"outriaz","departement_id":0,"code_postal":"01430","population":263,"superficie_km2":"590.22","latitude_centre":"46.0631","longitude_centre":"5.5543","distance_km":6.54},{"id":0,"code_insee":"01331","nom_standard":"Saint-Alban","nom_a":null,"nom_de":null,"slug_ville":"saint-alban","departement_id":0,"code_postal":"01450","population":195,"superficie_km2":"822.56","latitude_centre":"46.0968","longitude_centre":"5.4568","distance_km":6.57},{"id":10008,"code_insee":"01068","nom_standard":"Cerdon","nom_a":null,"nom_de":null,"slug_ville":"cerdon","departement_id":0,"code_postal":"01450","population":747,"superficie_km2":"1209.81","latitude_centre":"46.075","longitude_centre":"5.4755","distance_km":6.82},{"id":0,"code_insee":"01267","nom_standard":"Nurieux-Volognat","nom_a":null,"nom_de":null,"slug_ville":"nurieux-volognat","departement_id":0,"code_postal":"01460","population":965,"superficie_km2":"1951.81","latitude_centre":"46.1855","longitude_centre":"5.5155","distance_km":7.39},{"id":10003,"code_insee":"01060","nom_standard":"Brénod","nom_a":null,"nom_de":null,"slug_ville":"brenod","departement_id":0,"code_postal":"01110","population":576,"superficie_km2":"2402.27","latitude_centre":"46.0791","longitude_centre":"5.6116","distance_km":7.48},{"id":10071,"code_insee":"01206","nom_standard":"Lantenay","nom_a":null,"nom_de":null,"slug_ville":"lantenay","departement_id":0,"code_postal":"01430","population":260,"superficie_km2":"650.51","latitude_centre":"46.0531","longitude_centre":"5.5379","distance_km":7.49},{"id":0,"code_insee":"01170","nom_standard":"Béard-Géovreissiat","nom_a":null,"nom_de":null,"slug_ville":"beard-geovreissiat","departement_id":0,"code_postal":"01460","population":1048,"superficie_km2":"469.07","latitude_centre":"46.1884","longitude_centre":"5.5497","distance_km":7.65},{"id":10065,"code_insee":"01191","nom_standard":"Izenave","nom_a":null,"nom_de":null,"slug_ville":"izenave","departement_id":0,"code_postal":"01430","population":162,"superficie_km2":"1314.12","latitude_centre":"46.038","longitude_centre":"5.5234","distance_km":9.21}]}