{"ville":{"id":11380,"code_insee":"05076","nom_standard":"Méreuil","nom_a":null,"nom_de":null,"slug_ville":"mereuil","departement_id":0,"code_postal":"05700","population":108,"superficie_km2":"1103.94","latitude_centre":"44.385","longitude_centre":"5.7133","dep_code":"05","dep_nom":"Hautes-Alpes","dep_slug":"hautes-alpes","reg_code":"93","reg_nom":"Provence-Alpes-Côte d'Azur","reg_slug":"provence-alpes-cote-d-azur"},"departement":{"code":"05","nom":"Hautes-Alpes","slug":"hautes-alpes"},"region":{"code":"93","nom":"Provence-Alpes-Côte d'Azur","slug":"provence-alpes-cote-d-azur"},"villes_proches":[{"id":0,"code_insee":"05089","nom_standard":"Montrond","nom_a":null,"nom_de":null,"slug_ville":"montrond","departement_id":0,"code_postal":"05700","population":90,"superficie_km2":"440.65","latitude_centre":"44.3878","longitude_centre":"5.7453","distance_km":2.56},{"id":0,"code_insee":"05172","nom_standard":"Trescléoux","nom_a":null,"nom_de":null,"slug_ville":"trescleoux","departement_id":0,"code_postal":"05700","population":296,"superficie_km2":"1868.83","latitude_centre":"44.3522","longitude_centre":"5.7249","distance_km":3.76},{"id":11340,"code_insee":"05021","nom_standard":"Le Bersac","nom_a":null,"nom_de":null,"slug_ville":"le-bersac","departement_id":0,"code_postal":"05700","population":146,"superficie_km2":"803.27","latitude_centre":"44.4078","longitude_centre":"5.7537","distance_km":4.09},{"id":0,"code_insee":"05166","nom_standard":"Serres","nom_a":null,"nom_de":null,"slug_ville":"serres","departement_id":0,"code_postal":"05700","population":1298,"superficie_km2":"1842.96","latitude_centre":"44.4224","longitude_centre":"5.7142","distance_km":4.16},{"id":0,"code_insee":"05081","nom_standard":"Montclus","nom_a":null,"nom_de":null,"slug_ville":"montclus","departement_id":0,"code_postal":"05700","population":54,"superficie_km2":"2143.41","latitude_centre":"44.4119","longitude_centre":"5.6673","distance_km":4.72},{"id":11350,"code_insee":"05033","nom_standard":"Chanousse","nom_a":null,"nom_de":null,"slug_ville":"chanousse","departement_id":0,"code_postal":"05700","population":39,"superficie_km2":"2050.07","latitude_centre":"44.3648","longitude_centre":"5.6592","distance_km":4.85},{"id":11362,"code_insee":"05053","nom_standard":"Garde-Colombe","nom_a":null,"nom_de":null,"slug_ville":"garde-colombe","departement_id":0,"code_postal":"05300","population":539,"superficie_km2":"3482.84","latitude_centre":"44.3602","longitude_centre":"5.7865","distance_km":6.44},{"id":0,"code_insee":"05097","nom_standard":"Orpierre","nom_a":null,"nom_de":null,"slug_ville":"orpierre","departement_id":0,"code_postal":"05700","population":316,"superficie_km2":"2745.63","latitude_centre":"44.316","longitude_centre":"5.7071","distance_km":7.69},{"id":0,"code_insee":"05086","nom_standard":"Montjay","nom_a":null,"nom_de":null,"slug_ville":"montjay","departement_id":0,"code_postal":"05150","population":104,"superficie_km2":"2707.51","latitude_centre":"44.3668","longitude_centre":"5.6194","distance_km":7.73},{"id":0,"code_insee":"05165","nom_standard":"Savournon","nom_a":null,"nom_de":null,"slug_ville":"savournon","departement_id":0,"code_postal":"05700","population":242,"superficie_km2":"3948.51","latitude_centre":"44.4234","longitude_centre":"5.7965","distance_km":7.87},{"id":11337,"code_insee":"05016","nom_standard":"La Bâtie-Montsaléon","nom_a":null,"nom_de":null,"slug_ville":"la-batie-montsaleon","departement_id":0,"code_postal":"05700","population":304,"superficie_km2":"1505.35","latitude_centre":"44.4565","longitude_centre":"5.7483","distance_km":8.42},{"id":0,"code_insee":"05159","nom_standard":"Saléon","nom_a":null,"nom_de":null,"slug_ville":"saleon","departement_id":0,"code_postal":"05300","population":79,"superficie_km2":"987.93","latitude_centre":"44.3212","longitude_centre":"5.7769","distance_km":8.71},{"id":0,"code_insee":"05167","nom_standard":"Sigottier","nom_a":null,"nom_de":null,"slug_ville":"sigottier","departement_id":0,"code_postal":"05700","population":82,"superficie_km2":"2542.03","latitude_centre":"44.4601","longitude_centre":"5.6808","distance_km":8.74},{"id":0,"code_insee":"05094","nom_standard":"Nossage-et-Bénévent","nom_a":null,"nom_de":null,"slug_ville":"nossage-et-benevent","departement_id":0,"code_postal":"05700","population":10,"superficie_km2":"436.21","latitude_centre":"44.3103","longitude_centre":"5.7554","distance_km":8.96},{"id":11360,"code_insee":"05051","nom_standard":"Étoile-Saint-Cyrice","nom_a":null,"nom_de":null,"slug_ville":"etoile-saint-cyrice","departement_id":0,"code_postal":"05700","population":23,"superficie_km2":"1437.41","latitude_centre":"44.3217","longitude_centre":"5.6426","distance_km":9.01},{"id":11357,"code_insee":"05048","nom_standard":"L'Épine","nom_a":null,"nom_de":null,"slug_ville":"l-epine","departement_id":0,"code_postal":"05700","population":200,"superficie_km2":"3357.72","latitude_centre":"44.4319","longitude_centre":"5.6095","distance_km":9.76},{"id":0,"code_insee":"05070","nom_standard":"Laragne-Montéglin","nom_a":null,"nom_de":null,"slug_ville":"laragne-monteglin","departement_id":0,"code_postal":"05300","population":3549,"superficie_km2":"2270.78","latitude_centre":"44.3372","longitude_centre":"5.8197","distance_km":9.99},{"id":0,"code_insee":"05135","nom_standard":"Sainte-Colombe","nom_a":null,"nom_de":null,"slug_ville":"sainte-colombe","departement_id":0,"code_postal":"05700","population":65,"superficie_km2":"1721.72","latitude_centre":"44.2887","longitude_centre":"5.675","distance_km":11.13},{"id":0,"code_insee":"05102","nom_standard":"La Piarre","nom_a":null,"nom_de":null,"slug_ville":"la-piarre","departement_id":0,"code_postal":"05700","population":82,"superficie_km2":"2200.40","latitude_centre":"44.4809","longitude_centre":"5.6458","distance_km":11.93},{"id":11330,"code_insee":"05008","nom_standard":"Aspremont","nom_a":null,"nom_de":null,"slug_ville":"aspremont","departement_id":0,"code_postal":"05140","population":364,"superficie_km2":"1867.25","latitude_centre":"44.4934","longitude_centre":"5.7154","distance_km":12.05}]}