{"ville":{"id":11236,"code_insee":"04122","nom_standard":"Mirabeau","nom_a":null,"nom_de":null,"slug_ville":"mirabeau","departement_id":0,"code_postal":"04510","population":522,"superficie_km2":"1906.01","latitude_centre":"44.0608","longitude_centre":"6.0826","dep_code":"04","dep_nom":"Alpes-de-Haute-Provence","dep_slug":"alpes-de-haute-provence","reg_code":"93","reg_nom":"Provence-Alpes-Côte d'Azur","reg_slug":"provence-alpes-cote-d-azur"},"departement":{"code":"04","nom":"Alpes-de-Haute-Provence","slug":"alpes-de-haute-provence"},"region":{"code":"93","nom":"Provence-Alpes-Côte d'Azur","slug":"provence-alpes-cote-d-azur"},"villes_proches":[{"id":0,"code_insee":"04108","nom_standard":"Malijai","nom_a":null,"nom_de":null,"slug_ville":"malijai","departement_id":0,"code_postal":"04350","population":2020,"superficie_km2":"2663.50","latitude_centre":"44.0392","longitude_centre":"6.052","distance_km":3.43},{"id":11230,"code_insee":"04110","nom_standard":"Mallemoisson","nom_a":null,"nom_de":null,"slug_ville":"mallemoisson","departement_id":0,"code_postal":"04510","population":957,"superficie_km2":"645.07","latitude_centre":"44.0432","longitude_centre":"6.1201","distance_km":3.58},{"id":11170,"code_insee":"04021","nom_standard":"Barras","nom_a":null,"nom_de":null,"slug_ville":"barras","departement_id":0,"code_postal":"04380","population":139,"superficie_km2":"2097.10","latitude_centre":"44.0949","longitude_centre":"6.0987","distance_km":4.0},{"id":0,"code_insee":"04079","nom_standard":"L'Escale","nom_a":null,"nom_de":null,"slug_ville":"l-escale","departement_id":0,"code_postal":"04160","population":1427,"superficie_km2":"2028.75","latitude_centre":"44.0777","longitude_centre":"6.0363","distance_km":4.15},{"id":0,"code_insee":"04001","nom_standard":"Aiglun","nom_a":null,"nom_de":null,"slug_ville":"aiglun","departement_id":0,"code_postal":"04510","population":1399,"superficie_km2":"1464.97","latitude_centre":"44.0632","longitude_centre":"6.1413","distance_km":4.7},{"id":11189,"code_insee":"04046","nom_standard":"Le Chaffaut-Saint-Jurson","nom_a":null,"nom_de":null,"slug_ville":"le-chaffaut-saint-jurson","departement_id":0,"code_postal":"04510","population":693,"superficie_km2":"2942.68","latitude_centre":"44.025","longitude_centre":"6.1459","distance_km":6.44},{"id":11190,"code_insee":"04047","nom_standard":"Champtercier","nom_a":null,"nom_de":null,"slug_ville":"champtercier","departement_id":0,"code_postal":"04660","population":750,"superficie_km2":"1873.55","latitude_centre":"44.0977","longitude_centre":"6.145","distance_km":6.46},{"id":0,"code_insee":"04049","nom_standard":"Château-Arnoux-Saint-Auban","nom_a":null,"nom_de":null,"slug_ville":"chateau-arnoux-saint-auban","departement_id":0,"code_postal":"04160","population":5107,"superficie_km2":"1853.40","latitude_centre":"44.0801","longitude_centre":"5.9942","distance_km":7.38},{"id":0,"code_insee":"04244","nom_standard":"Volonne","nom_a":null,"nom_de":null,"slug_ville":"volonne","departement_id":0,"code_postal":"04290","population":1633,"superficie_km2":"2526.42","latitude_centre":"44.1232","longitude_centre":"6.0333","distance_km":7.98},{"id":0,"code_insee":"04181","nom_standard":"Saint-Jeannet","nom_a":null,"nom_de":null,"slug_ville":"saint-jeannet","departement_id":0,"code_postal":"04270","population":50,"superficie_km2":"2914.46","latitude_centre":"43.9778","longitude_centre":"6.1119","distance_km":9.52},{"id":0,"code_insee":"04156","nom_standard":"Puimichel","nom_a":null,"nom_de":null,"slug_ville":"puimichel","departement_id":0,"code_postal":"04700","population":246,"superficie_km2":"3711.48","latitude_centre":"43.9803","longitude_centre":"6.0245","distance_km":10.08},{"id":0,"code_insee":"04217","nom_standard":"Thoard","nom_a":null,"nom_de":null,"slug_ville":"thoard","departement_id":0,"code_postal":"04380","population":744,"superficie_km2":"4420.05","latitude_centre":"44.1495","longitude_centre":"6.1258","distance_km":10.45},{"id":11235,"code_insee":"04121","nom_standard":"Mézel","nom_a":null,"nom_de":null,"slug_ville":"mezel","departement_id":0,"code_postal":"04270","population":611,"superficie_km2":"2170.68","latitude_centre":"43.9979","longitude_centre":"6.1799","distance_km":10.46},{"id":0,"code_insee":"04127","nom_standard":"Montfort","nom_a":null,"nom_de":null,"slug_ville":"montfort","departement_id":0,"code_postal":"04600","population":343,"superficie_km2":"1249.46","latitude_centre":"44.0551","longitude_centre":"5.9505","distance_km":10.57},{"id":0,"code_insee":"04211","nom_standard":"Sourribes","nom_a":null,"nom_de":null,"slug_ville":"sourribes","departement_id":0,"code_postal":"04290","population":174,"superficie_km2":"2006.58","latitude_centre":"44.1582","longitude_centre":"6.0433","distance_km":11.28},{"id":0,"code_insee":"04116","nom_standard":"Les Mées","nom_a":null,"nom_de":null,"slug_ville":"les-mees","departement_id":0,"code_postal":"04190","population":4099,"superficie_km2":"6470.17","latitude_centre":"43.9956","longitude_centre":"5.9679","distance_km":11.69},{"id":0,"code_insee":"04200","nom_standard":"Salignac","nom_a":null,"nom_de":null,"slug_ville":"salignac","departement_id":0,"code_postal":"04290","population":678,"superficie_km2":"1438.51","latitude_centre":"44.1546","longitude_centre":"5.9889","distance_km":12.84},{"id":0,"code_insee":"04182","nom_standard":"Saint-Julien-d'Asse","nom_a":null,"nom_de":null,"slug_ville":"saint-julien-d-asse","departement_id":0,"code_postal":"04270","population":232,"superficie_km2":"2569.43","latitude_centre":"43.9386","longitude_centre":"6.071","distance_km":13.62},{"id":11211,"code_insee":"04077","nom_standard":"Entrevennes","nom_a":null,"nom_de":null,"slug_ville":"entrevennes","departement_id":0,"code_postal":"04700","population":163,"superficie_km2":"2990.53","latitude_centre":"43.9393","longitude_centre":"6.0366","distance_km":14.0},{"id":11179,"code_insee":"04031","nom_standard":"Bras-d'Asse","nom_a":null,"nom_de":null,"slug_ville":"bras-d-asse","departement_id":0,"code_postal":"04270","population":571,"superficie_km2":"2625.39","latitude_centre":"43.9284","longitude_centre":"6.1278","distance_km":15.16}]}