{"ville":{"id":21930,"code_insee":"43138","nom_standard":"Monlet","nom_a":null,"nom_de":null,"slug_ville":"monlet","departement_id":0,"code_postal":"43270","population":402,"superficie_km2":"3534.86","latitude_centre":"45.2271","longitude_centre":"3.7111","dep_code":"43","dep_nom":"Haute-Loire","dep_slug":"haute-loire","reg_code":"84","reg_nom":"Auvergne-Rhône-Alpes","reg_slug":"auvergne-rhone-alpes"},"departement":{"code":"43","nom":"Haute-Loire","slug":"haute-loire"},"region":{"code":"84","nom":"Auvergne-Rhône-Alpes","slug":"auvergne-rhone-alpes"},"villes_proches":[{"id":21895,"code_insee":"43093","nom_standard":"Félines","nom_a":null,"nom_de":null,"slug_ville":"felines","departement_id":0,"code_postal":"43160","population":298,"superficie_km2":"2055.57","latitude_centre":"45.2599","longitude_centre":"3.7485","distance_km":4.68},{"id":21866,"code_insee":"43057","nom_standard":"La Chapelle-Bertin","nom_a":null,"nom_de":null,"slug_ville":"la-chapelle-bertin","departement_id":0,"code_postal":"43270","population":50,"superficie_km2":"1136.33","latitude_centre":"45.2173","longitude_centre":"3.6502","distance_km":4.89},{"id":21824,"code_insee":"43003","nom_standard":"Allègre","nom_a":null,"nom_de":null,"slug_ville":"allegre","departement_id":0,"code_postal":"43270","population":922,"superficie_km2":"2395.19","latitude_centre":"45.1861","longitude_centre":"3.6877","distance_km":4.91},{"id":0,"code_insee":"43237","nom_standard":"Sembadel","nom_a":null,"nom_de":null,"slug_ville":"sembadel","departement_id":0,"code_postal":"43160","population":247,"superficie_km2":"1866.30","latitude_centre":"45.273","longitude_centre":"3.694","distance_km":5.28},{"id":0,"code_insee":"43214","nom_standard":"Saint-Pal-de-Senouire","nom_a":null,"nom_de":null,"slug_ville":"saint-pal-de-senouire","departement_id":0,"code_postal":"43160","population":108,"superficie_km2":"1821.32","latitude_centre":"45.2568","longitude_centre":"3.6488","distance_km":5.89},{"id":21854,"code_insee":"43043","nom_standard":"Céaux-d'Allègre","nom_a":null,"nom_de":null,"slug_ville":"ceaux-d-allegre","departement_id":0,"code_postal":"43270","population":487,"superficie_km2":"3255.80","latitude_centre":"45.1827","longitude_centre":"3.7583","distance_km":6.17},{"id":0,"code_insee":"43252","nom_standard":"Varennes-Saint-Honorat","nom_a":null,"nom_de":null,"slug_ville":"varennes-saint-honorat","departement_id":0,"code_postal":"43270","population":26,"superficie_km2":"1190.37","latitude_centre":"45.1767","longitude_centre":"3.646","distance_km":7.58},{"id":21908,"code_insee":"43107","nom_standard":"Josat","nom_a":null,"nom_de":null,"slug_ville":"josat","departement_id":0,"code_postal":"43230","population":84,"superficie_km2":"1245.81","latitude_centre":"45.2162","longitude_centre":"3.6126","distance_km":7.81},{"id":21841,"code_insee":"43026","nom_standard":"Bellevue-la-Montagne","nom_a":null,"nom_de":null,"slug_ville":"bellevue-la-montagne","departement_id":0,"code_postal":"43350","population":461,"superficie_km2":"3296.70","latitude_centre":"45.2102","longitude_centre":"3.816","distance_km":8.43},{"id":0,"code_insee":"43259","nom_standard":"Vernassal","nom_a":null,"nom_de":null,"slug_ville":"vernassal","departement_id":0,"code_postal":"43270","population":373,"superficie_km2":"1931.99","latitude_centre":"45.1491","longitude_centre":"3.712","distance_km":8.67},{"id":21849,"code_insee":"43035","nom_standard":"Bonneval","nom_a":null,"nom_de":null,"slug_ville":"bonneval","departement_id":0,"code_postal":"43160","population":92,"superficie_km2":"1470.79","latitude_centre":"45.3059","longitude_centre":"3.7333","distance_km":8.93},{"id":21879,"code_insee":"43071","nom_standard":"Chomelix","nom_a":null,"nom_de":null,"slug_ville":"chomelix","departement_id":0,"code_postal":"43500","population":457,"superficie_km2":"2688.04","latitude_centre":"45.2611","longitude_centre":"3.82","distance_km":9.33},{"id":21907,"code_insee":"43106","nom_standard":"Jax","nom_a":null,"nom_de":null,"slug_ville":"jax","departement_id":0,"code_postal":"43230","population":145,"superficie_km2":"1241.73","latitude_centre":"45.1718","longitude_centre":"3.6213","distance_km":9.34},{"id":21884,"code_insee":"43076","nom_standard":"Connangles","nom_a":null,"nom_de":null,"slug_ville":"connangles","departement_id":0,"code_postal":"43160","population":131,"superficie_km2":"2199.41","latitude_centre":"45.2988","longitude_centre":"3.6483","distance_km":9.37},{"id":21897,"code_insee":"43095","nom_standard":"Fix-Saint-Geneys","nom_a":null,"nom_de":null,"slug_ville":"fix-saint-geneys","departement_id":0,"code_postal":"43320","population":143,"superficie_km2":"807.33","latitude_centre":"45.1403","longitude_centre":"3.6632","distance_km":10.36},{"id":21909,"code_insee":"43108","nom_standard":"Jullianges","nom_a":null,"nom_de":null,"slug_ville":"jullianges","departement_id":0,"code_postal":"43500","population":426,"superficie_km2":"1855.85","latitude_centre":"45.3059","longitude_centre":"3.7822","distance_km":10.38},{"id":21858,"code_insee":"43048","nom_standard":"La Chaise-Dieu","nom_a":null,"nom_de":null,"slug_ville":"la-chaise-dieu","departement_id":0,"code_postal":"43160","population":594,"superficie_km2":"1356.33","latitude_centre":"45.3213","longitude_centre":"3.691","distance_km":10.59},{"id":21918,"code_insee":"43122","nom_standard":"Lissac","nom_a":null,"nom_de":null,"slug_ville":"lissac","departement_id":0,"code_postal":"43350","population":294,"superficie_km2":"1211.44","latitude_centre":"45.1355","longitude_centre":"3.7553","distance_km":10.76},{"id":0,"code_insee":"43254","nom_standard":"Vazeilles-Limandre","nom_a":null,"nom_de":null,"slug_ville":"vazeilles-limandre","departement_id":0,"code_postal":"43320","population":268,"superficie_km2":"1196.36","latitude_centre":"45.1161","longitude_centre":"3.7003","distance_km":12.37},{"id":21924,"code_insee":"43128","nom_standard":"Malvières","nom_a":null,"nom_de":null,"slug_ville":"malvieres","departement_id":0,"code_postal":"43160","population":144,"superficie_km2":"1364.13","latitude_centre":"45.3408","longitude_centre":"3.7267","distance_km":12.7}]}