{"ville":{"id":23655,"code_insee":"51409","nom_standard":"Nuisement-sur-Coole","nom_a":null,"nom_de":null,"slug_ville":"nuisement-sur-coole","departement_id":0,"code_postal":"51240","population":384,"superficie_km2":"1522.55","latitude_centre":"48.8703","longitude_centre":"4.2889","dep_code":"51","dep_nom":"Marne","dep_slug":"marne","reg_code":"44","reg_nom":"Grand Est","reg_slug":"grand-est"},"departement":{"code":"51","nom":"Marne","slug":"marne"},"region":{"code":"44","nom":"Grand Est","slug":"grand-est"},"villes_proches":[{"id":23392,"code_insee":"51087","nom_standard":"Breuvery-sur-Coole","nom_a":null,"nom_de":null,"slug_ville":"breuvery-sur-coole","departement_id":0,"code_postal":"51240","population":207,"superficie_km2":"1017.54","latitude_centre":"48.854","longitude_centre":"4.3032","distance_km":2.09},{"id":23444,"code_insee":"51146","nom_standard":"Cheniers","nom_a":null,"nom_de":null,"slug_ville":"cheniers","departement_id":0,"code_postal":"51510","population":125,"superficie_km2":"1538.59","latitude_centre":"48.8884","longitude_centre":"4.2464","distance_km":3.7},{"id":0,"code_insee":"51512","nom_standard":"Saint-Quentin-sur-Coole","nom_a":null,"nom_de":null,"slug_ville":"saint-quentin-sur-coole","departement_id":0,"code_postal":"51240","population":104,"superficie_km2":"877.56","latitude_centre":"48.8486","longitude_centre":"4.3299","distance_km":3.85},{"id":23508,"code_insee":"51227","nom_standard":"Écury-sur-Coole","nom_a":null,"nom_de":null,"slug_ville":"ecury-sur-coole","departement_id":0,"code_postal":"51240","population":492,"superficie_km2":"1823.28","latitude_centre":"48.898","longitude_centre":"4.3369","distance_km":4.67},{"id":23462,"code_insee":"51168","nom_standard":"Coolus","nom_a":null,"nom_de":null,"slug_ville":"coolus","departement_id":0,"code_postal":"51510","population":235,"superficie_km2":"1316.56","latitude_centre":"48.9142","longitude_centre":"4.3174","distance_km":5.31},{"id":23409,"code_insee":"51106","nom_standard":"Cernon","nom_a":null,"nom_de":null,"slug_ville":"cernon","departement_id":0,"code_postal":"51240","population":131,"superficie_km2":"1607.93","latitude_centre":"48.8307","longitude_centre":"4.3426","distance_km":5.9},{"id":0,"code_insee":"51595","nom_standard":"Vatry","nom_a":null,"nom_de":null,"slug_ville":"vatry","departement_id":0,"code_postal":"51320","population":143,"superficie_km2":"846.11","latitude_centre":"48.8234","longitude_centre":"4.2379","distance_km":6.41},{"id":0,"code_insee":"51160","nom_standard":"Compertrix","nom_a":null,"nom_de":null,"slug_ville":"compertrix","departement_id":0,"code_postal":"51510","population":1308,"superficie_km2":"472.25","latitude_centre":"48.9278","longitude_centre":"4.3217","distance_km":6.83},{"id":23403,"code_insee":"51099","nom_standard":"Bussy-Lettrée","nom_a":null,"nom_de":null,"slug_ville":"bussy-lettree","departement_id":0,"code_postal":"51320","population":307,"superficie_km2":"3358.02","latitude_centre":"48.8079","longitude_centre":"4.2445","distance_km":7.66},{"id":23600,"code_insee":"51339","nom_standard":"Mairy-sur-Marne","nom_a":null,"nom_de":null,"slug_ville":"mairy-sur-marne","departement_id":0,"code_postal":"51240","population":565,"superficie_km2":"2084.11","latitude_centre":"48.866","longitude_centre":"4.3946","distance_km":7.75},{"id":23470,"code_insee":"51178","nom_standard":"Coupetz","nom_a":null,"nom_de":null,"slug_ville":"coupetz","departement_id":0,"code_postal":"51240","population":88,"superficie_km2":"1054.71","latitude_centre":"48.813","longitude_centre":"4.3501","distance_km":7.79},{"id":0,"code_insee":"51634","nom_standard":"Villers-le-Château","nom_a":null,"nom_de":null,"slug_ville":"villers-le-chateau","departement_id":0,"code_postal":"51510","population":299,"superficie_km2":"2077.84","latitude_centre":"48.9386","longitude_centre":"4.2601","distance_km":7.88},{"id":0,"code_insee":"51566","nom_standard":"Thibie","nom_a":null,"nom_de":null,"slug_ville":"thibie","departement_id":0,"code_postal":"51510","population":291,"superficie_km2":"1047.86","latitude_centre":"48.9168","longitude_centre":"4.2076","distance_km":7.88},{"id":0,"code_insee":"51556","nom_standard":"Soudron","nom_a":null,"nom_de":null,"slug_ville":"soudron","departement_id":0,"code_postal":"51320","population":300,"superficie_km2":"4302.37","latitude_centre":"48.8336","longitude_centre":"4.1959","distance_km":7.93},{"id":0,"code_insee":"51538","nom_standard":"Sogny-aux-Moulins","nom_a":null,"nom_de":null,"slug_ville":"sogny-aux-moulins","departement_id":0,"code_postal":"51520","population":110,"superficie_km2":"669.83","latitude_centre":"48.8968","longitude_centre":"4.3898","distance_km":7.94},{"id":23541,"code_insee":"51268","nom_standard":"Germinon","nom_a":null,"nom_de":null,"slug_ville":"germinon","departement_id":0,"code_postal":"51130","population":190,"superficie_km2":"1954.28","latitude_centre":"48.8873","longitude_centre":"4.1833","distance_km":7.95},{"id":0,"code_insee":"51509","nom_standard":"Saint-Pierre","nom_a":null,"nom_de":null,"slug_ville":"saint-pierre","departement_id":0,"code_postal":"51510","population":293,"superficie_km2":"1022.58","latitude_centre":"48.939","longitude_centre":"4.2467","distance_km":8.24},{"id":0,"code_insee":"51242","nom_standard":"Fagnières","nom_a":null,"nom_de":null,"slug_ville":"fagnieres","departement_id":0,"code_postal":"51510","population":4858,"superficie_km2":"1951.81","latitude_centre":"48.9478","longitude_centre":"4.3061","distance_km":8.71},{"id":23495,"code_insee":"51212","nom_standard":"Dommartin-Lettrée","nom_a":null,"nom_de":null,"slug_ville":"dommartin-lettree","departement_id":0,"code_postal":"51320","population":165,"superficie_km2":"3263.95","latitude_centre":"48.7677","longitude_centre":"4.2849","distance_km":11.41},{"id":0,"code_insee":"51483","nom_standard":"Saint-Gibrien","nom_a":null,"nom_de":null,"slug_ville":"saint-gibrien","departement_id":0,"code_postal":"51510","population":552,"superficie_km2":"401.52","latitude_centre":"48.9746","longitude_centre":"4.295","distance_km":11.61}]}