{"ville":{"id":23189,"code_insee":"50407","nom_standard":"Poilley","nom_a":null,"nom_de":null,"slug_ville":"poilley","departement_id":0,"code_postal":"50220","population":969,"superficie_km2":"1284.17","latitude_centre":"48.6154","longitude_centre":"-1.3203","dep_code":"50","dep_nom":"Manche","dep_slug":"manche","reg_code":"28","reg_nom":"Normandie","reg_slug":"normandie"},"departement":{"code":"50","nom":"Manche","slug":"manche"},"region":{"code":"28","nom":"Normandie","slug":"normandie"},"villes_proches":[{"id":0,"code_insee":"50408","nom_standard":"Pontaubault","nom_a":null,"nom_de":null,"slug_ville":"pontaubault","departement_id":0,"code_postal":"50220","population":579,"superficie_km2":"198.06","latitude_centre":"48.6251","longitude_centre":"-1.3539","distance_km":2.7},{"id":23108,"code_insee":"50259","nom_standard":"Juilley","nom_a":null,"nom_de":null,"slug_ville":"juilley","departement_id":0,"code_postal":"50220","population":691,"superficie_km2":"1134.64","latitude_centre":"48.5934","longitude_centre":"-1.3465","distance_km":3.11},{"id":0,"code_insee":"50543","nom_standard":"Saint-Quentin-sur-le-Homme","nom_a":null,"nom_de":null,"slug_ville":"saint-quentin-sur-le-homme","departement_id":0,"code_postal":"50220","population":1338,"superficie_km2":"1703.10","latitude_centre":"48.6475","longitude_centre":"-1.3029","distance_km":3.79},{"id":0,"code_insee":"50168","nom_standard":"Ducey-Les Chéris","nom_a":null,"nom_de":null,"slug_ville":"ducey-les-cheris","departement_id":0,"code_postal":"50220","population":2784,"superficie_km2":"1721.43","latitude_centre":"48.62","longitude_centre":"-1.2661","distance_km":4.02},{"id":0,"code_insee":"50413","nom_standard":"Précey","nom_a":null,"nom_de":null,"slug_ville":"precey","departement_id":0,"code_postal":"50220","population":559,"superficie_km2":"785.85","latitude_centre":"48.6042","longitude_centre":"-1.3766","distance_km":4.32},{"id":23031,"code_insee":"50108","nom_standard":"Céaux","nom_a":null,"nom_de":null,"slug_ville":"ceaux","departement_id":0,"code_postal":"50220","population":414,"superficie_km2":"898.41","latitude_centre":"48.6302","longitude_centre":"-1.3895","distance_km":5.35},{"id":0,"code_insee":"50505","nom_standard":"Saint-Loup","nom_a":null,"nom_de":null,"slug_ville":"saint-loup","departement_id":0,"code_postal":"50300","population":686,"superficie_km2":"649.11","latitude_centre":"48.6648","longitude_centre":"-1.306","distance_km":5.59},{"id":0,"code_insee":"50448","nom_standard":"Saint-Aubin-de-Terregatte","nom_a":null,"nom_de":null,"slug_ville":"saint-aubin-de-terregatte","departement_id":0,"code_postal":"50240","population":645,"superficie_km2":"2141.15","latitude_centre":"48.5684","longitude_centre":"-1.291","distance_km":5.65},{"id":23052,"code_insee":"50155","nom_standard":"Crollon","nom_a":null,"nom_de":null,"slug_ville":"crollon","departement_id":0,"code_postal":"50220","population":301,"superficie_km2":"477.64","latitude_centre":"48.5821","longitude_centre":"-1.3807","distance_km":5.78},{"id":0,"code_insee":"50616","nom_standard":"Le Val-Saint-Père","nom_a":null,"nom_de":null,"slug_ville":"le-val-saint-pere","departement_id":0,"code_postal":"50300","population":1898,"superficie_km2":"1159.76","latitude_centre":"48.659","longitude_centre":"-1.3758","distance_km":6.34},{"id":0,"code_insee":"50553","nom_standard":"Saint-Senier-de-Beuvron","nom_a":null,"nom_de":null,"slug_ville":"saint-senier-de-beuvron","departement_id":0,"code_postal":"50240","population":324,"superficie_km2":"1127.24","latitude_centre":"48.5568","longitude_centre":"-1.3188","distance_km":6.52},{"id":0,"code_insee":"50574","nom_standard":"Servon","nom_a":null,"nom_de":null,"slug_ville":"servon","departement_id":0,"code_postal":"50170","population":252,"superficie_km2":"927.63","latitude_centre":"48.6019","longitude_centre":"-1.4114","distance_km":6.86},{"id":0,"code_insee":"50025","nom_standard":"Avranches","nom_a":null,"nom_de":null,"slug_ville":"avranches","departement_id":0,"code_postal":"50300","population":10143,"superficie_km2":"1106.89","latitude_centre":"48.6759","longitude_centre":"-1.3452","distance_km":6.97},{"id":23128,"code_insee":"50290","nom_standard":"Marcilly","nom_a":null,"nom_de":null,"slug_ville":"marcilly","departement_id":0,"code_postal":"50220","population":355,"superficie_km2":"890.85","latitude_centre":"48.6539","longitude_centre":"-1.245","distance_km":7.0},{"id":0,"code_insee":"50500","nom_standard":"Saint-Laurent-de-Terregatte","nom_a":null,"nom_de":null,"slug_ville":"saint-laurent-de-terregatte","departement_id":0,"code_postal":"50240","population":637,"superficie_km2":"1667.39","latitude_centre":"48.5745","longitude_centre":"-1.2448","distance_km":7.18},{"id":0,"code_insee":"50554","nom_standard":"Saint-Senier-sous-Avranches","nom_a":null,"nom_de":null,"slug_ville":"saint-senier-sous-avranches","departement_id":0,"code_postal":"50300","population":1451,"superficie_km2":"860.96","latitude_centre":"48.6911","longitude_centre":"-1.3156","distance_km":8.42},{"id":23079,"code_insee":"50205","nom_standard":"La Godefroy","nom_a":null,"nom_de":null,"slug_ville":"la-godefroy","departement_id":0,"code_postal":"50300","population":301,"superficie_km2":"368.37","latitude_centre":"48.6896","longitude_centre":"-1.2844","distance_km":8.66},{"id":0,"code_insee":"50451","nom_standard":"Saint-Brice","nom_a":null,"nom_de":null,"slug_ville":"saint-brice","departement_id":0,"code_postal":"50300","population":140,"superficie_km2":"252.90","latitude_centre":"48.7003","longitude_centre":"-1.2978","distance_km":9.58},{"id":23156,"code_insee":"50347","nom_standard":"Montjoie-Saint-Martin","nom_a":null,"nom_de":null,"slug_ville":"montjoie-saint-martin","departement_id":0,"code_postal":"50240","population":250,"superficie_km2":"748.70","latitude_centre":"48.5287","longitude_centre":"-1.2953","distance_km":9.81},{"id":0,"code_insee":"50411","nom_standard":"Ponts","nom_a":null,"nom_de":null,"slug_ville":"ponts","departement_id":0,"code_postal":"50300","population":708,"superficie_km2":"678.09","latitude_centre":"48.7124","longitude_centre":"-1.3277","distance_km":10.8}]}