{"ville":{"id":21096,"code_insee":"39437","nom_standard":"Pont-du-Navoy","nom_a":null,"nom_de":null,"slug_ville":"pont-du-navoy","departement_id":0,"code_postal":"39300","population":275,"superficie_km2":"968.90","latitude_centre":"46.7303","longitude_centre":"5.7969","dep_code":"39","dep_nom":"Jura","dep_slug":"jura","reg_code":"27","reg_nom":"Bourgogne-Franche-Comté","reg_slug":"bourgogne-franche-comte"},"departement":{"code":"39","nom":"Jura","slug":"jura"},"region":{"code":"27","nom":"Bourgogne-Franche-Comté","slug":"bourgogne-franche-comte"},"villes_proches":[{"id":21029,"code_insee":"39344","nom_standard":"Monnet-la-Ville","nom_a":null,"nom_de":null,"slug_ville":"monnet-la-ville","departement_id":0,"code_postal":"39300","population":332,"superficie_km2":"621.48","latitude_centre":"46.7233","longitude_centre":"5.8227","distance_km":2.11},{"id":21040,"code_insee":"39356","nom_standard":"Montigny-sur-l'Ain","nom_a":null,"nom_de":null,"slug_ville":"montigny-sur-l-ain","departement_id":0,"code_postal":"39300","population":217,"superficie_km2":"795.42","latitude_centre":"46.7054","longitude_centre":"5.7938","distance_km":2.78},{"id":20906,"code_insee":"39183","nom_standard":"Crotenay","nom_a":null,"nom_de":null,"slug_ville":"crotenay","departement_id":0,"code_postal":"39300","population":610,"superficie_km2":"1203.55","latitude_centre":"46.7571","longitude_centre":"5.8127","distance_km":3.21},{"id":20814,"code_insee":"39065","nom_standard":"Bonnefontaine","nom_a":null,"nom_de":null,"slug_ville":"bonnefontaine","departement_id":0,"code_postal":"39800","population":103,"superficie_km2":"885.74","latitude_centre":"46.7344","longitude_centre":"5.7536","distance_km":3.33},{"id":21079,"code_insee":"39418","nom_standard":"Picarreau","nom_a":null,"nom_de":null,"slug_ville":"picarreau","departement_id":0,"code_postal":"39800","population":98,"superficie_km2":"912.59","latitude_centre":"46.7552","longitude_centre":"5.7593","distance_km":3.98},{"id":21046,"code_insee":"39366","nom_standard":"Mont-sur-Monnet","nom_a":null,"nom_de":null,"slug_ville":"mont-sur-monnet","departement_id":0,"code_postal":"39300","population":199,"superficie_km2":"2024.47","latitude_centre":"46.7056","longitude_centre":"5.8415","distance_km":4.37},{"id":20940,"code_insee":"39230","nom_standard":"Fontenu","nom_a":null,"nom_de":null,"slug_ville":"fontenu","departement_id":0,"code_postal":"39130","population":72,"superficie_km2":"930.95","latitude_centre":"46.6757","longitude_centre":"5.807","distance_km":6.12},{"id":21004,"code_insee":"39313","nom_standard":"Marigny","nom_a":null,"nom_de":null,"slug_ville":"marigny","departement_id":0,"code_postal":"39130","population":215,"superficie_km2":"1199.63","latitude_centre":"46.6765","longitude_centre":"5.7797","distance_km":6.12},{"id":20802,"code_insee":"39050","nom_standard":"Besain","nom_a":null,"nom_de":null,"slug_ville":"besain","departement_id":0,"code_postal":"39800","population":159,"superficie_km2":"1302.79","latitude_centre":"46.7857","longitude_centre":"5.795","distance_km":6.16},{"id":21060,"code_insee":"39389","nom_standard":"Ney","nom_a":null,"nom_de":null,"slug_ville":"ney","departement_id":0,"code_postal":"39300","population":599,"superficie_km2":"740.09","latitude_centre":"46.7322","longitude_centre":"5.8825","distance_km":6.53},{"id":20935,"code_insee":"39222","nom_standard":"Fay-en-Montagne","nom_a":null,"nom_de":null,"slug_ville":"fay-en-montagne","departement_id":0,"code_postal":"39800","population":90,"superficie_km2":"635.13","latitude_centre":"46.7538","longitude_centre":"5.7181","distance_km":6.55},{"id":21007,"code_insee":"39317","nom_standard":"La Marre","nom_a":null,"nom_de":null,"slug_ville":"la-marre","departement_id":0,"code_postal":"39210","population":350,"superficie_km2":"1072.54","latitude_centre":"46.737","longitude_centre":"5.7066","distance_km":6.92},{"id":21045,"code_insee":"39364","nom_standard":"Montrond","nom_a":null,"nom_de":null,"slug_ville":"montrond","departement_id":0,"code_postal":"39300","population":485,"superficie_km2":"2575.01","latitude_centre":"46.7858","longitude_centre":"5.8429","distance_km":7.1},{"id":20996,"code_insee":"39301","nom_standard":"Loulle","nom_a":null,"nom_de":null,"slug_ville":"loulle","departement_id":0,"code_postal":"39300","population":176,"superficie_km2":"1091.76","latitude_centre":"46.7052","longitude_centre":"5.8845","distance_km":7.24},{"id":0,"code_insee":"39097","nom_standard":"Champagnole","nom_a":null,"nom_de":null,"slug_ville":"champagnole","departement_id":0,"code_postal":"39300","population":8036,"superficie_km2":"2012.98","latitude_centre":"46.7423","longitude_centre":"5.8938","distance_km":7.5},{"id":20774,"code_insee":"39015","nom_standard":"Ardon","nom_a":null,"nom_de":null,"slug_ville":"ardon","departement_id":0,"code_postal":"39300","population":109,"superficie_km2":"514.10","latitude_centre":"46.7719","longitude_centre":"5.8773","distance_km":7.68},{"id":0,"code_insee":"39473","nom_standard":"Saffloz","nom_a":null,"nom_de":null,"slug_ville":"saffloz","departement_id":0,"code_postal":"39130","population":91,"superficie_km2":"877.64","latitude_centre":"46.6684","longitude_centre":"5.8613","distance_km":8.46},{"id":20859,"code_insee":"39122","nom_standard":"Châtillon","nom_a":null,"nom_de":null,"slug_ville":"chatillon","departement_id":0,"code_postal":"39130","population":122,"superficie_km2":"1687.60","latitude_centre":"46.6658","longitude_centre":"5.7314","distance_km":8.74},{"id":20917,"code_insee":"39201","nom_standard":"Doucier","nom_a":null,"nom_de":null,"slug_ville":"doucier","departement_id":0,"code_postal":"39130","population":285,"superficie_km2":"1252.84","latitude_centre":"46.6462","longitude_centre":"5.7758","distance_km":9.49},{"id":0,"code_insee":"39518","nom_standard":"Songeson","nom_a":null,"nom_de":null,"slug_ville":"songeson","departement_id":0,"code_postal":"39130","population":71,"superficie_km2":"859.67","latitude_centre":"46.6477","longitude_centre":"5.8331","distance_km":9.59}]}