{"ville":{"id":24161,"code_insee":"52401","nom_standard":"Poulangy","nom_a":null,"nom_de":null,"slug_ville":"poulangy","departement_id":0,"code_postal":"52800","population":361,"superficie_km2":"1740.17","latitude_centre":"48.0455","longitude_centre":"5.256","dep_code":"52","dep_nom":"Haute-Marne","dep_slug":"haute-marne","reg_code":"44","reg_nom":"Grand Est","reg_slug":"grand-est"},"departement":{"code":"52","nom":"Haute-Marne","slug":"haute-marne"},"region":{"code":"44","nom":"Grand Est","slug":"grand-est"},"villes_proches":[{"id":24081,"code_insee":"52295","nom_standard":"Louvières","nom_a":null,"nom_de":null,"slug_ville":"louvieres","departement_id":0,"code_postal":"52800","population":87,"superficie_km2":"870.60","latitude_centre":"48.0274","longitude_centre":"5.2819","distance_km":2.79},{"id":0,"code_insee":"52459","nom_standard":"Sarcey","nom_a":null,"nom_de":null,"slug_ville":"sarcey","departement_id":0,"code_postal":"52800","population":97,"superficie_km2":"722.85","latitude_centre":"48.0576","longitude_centre":"5.2961","distance_km":3.27},{"id":24097,"code_insee":"52315","nom_standard":"Marnay-sur-Marne","nom_a":null,"nom_de":null,"slug_ville":"marnay-sur-marne","departement_id":0,"code_postal":"52800","population":320,"superficie_km2":"1080.93","latitude_centre":"48.0109","longitude_centre":"5.2315","distance_km":4.26},{"id":24082,"code_insee":"52297","nom_standard":"Luzy-sur-Marne","nom_a":null,"nom_de":null,"slug_ville":"luzy-sur-marne","departement_id":0,"code_postal":"52000","population":279,"superficie_km2":"1598.70","latitude_centre":"48.0561","longitude_centre":"5.2005","distance_km":4.29},{"id":24066,"code_insee":"52276","nom_standard":"Laville-aux-Bois","nom_a":null,"nom_de":null,"slug_ville":"laville-aux-bois","departement_id":0,"code_postal":"52000","population":238,"superficie_km2":"1312.38","latitude_centre":"48.0902","longitude_centre":"5.2366","distance_km":5.18},{"id":0,"code_insee":"52518","nom_standard":"Vesaignes-sur-Marne","nom_a":null,"nom_de":null,"slug_ville":"vesaignes-sur-marne","departement_id":0,"code_postal":"52800","population":103,"superficie_km2":"858.96","latitude_centre":"47.9974","longitude_centre":"5.2668","distance_km":5.41},{"id":0,"code_insee":"52514","nom_standard":"Verbiesles","nom_a":null,"nom_de":null,"slug_ville":"verbiesles","departement_id":0,"code_postal":"52000","population":306,"superficie_km2":"1138.43","latitude_centre":"48.0759","longitude_centre":"5.1949","distance_km":5.66},{"id":24089,"code_insee":"52305","nom_standard":"Mandres-la-Côte","nom_a":null,"nom_de":null,"slug_ville":"mandres-la-cote","departement_id":0,"code_postal":"52800","population":556,"superficie_km2":"1151.45","latitude_centre":"48.0692","longitude_centre":"5.3323","distance_km":6.25},{"id":0,"code_insee":"52125","nom_standard":"Chamarandes-Choignes","nom_a":null,"nom_de":null,"slug_ville":"chamarandes-choignes","departement_id":0,"code_postal":"52000","population":1039,"superficie_km2":"1900.60","latitude_centre":"48.097","longitude_centre":"5.1983","distance_km":7.15},{"id":0,"code_insee":"52488","nom_standard":"Thivet","nom_a":null,"nom_de":null,"slug_ville":"thivet","departement_id":0,"code_postal":"52800","population":276,"superficie_km2":"1546.37","latitude_centre":"47.9857","longitude_centre":"5.2958","distance_km":7.28},{"id":24017,"code_insee":"52205","nom_standard":"Foulain","nom_a":null,"nom_de":null,"slug_ville":"foulain","departement_id":0,"code_postal":"52000","population":673,"superficie_km2":"2673.14","latitude_centre":"48.0234","longitude_centre":"5.1632","distance_km":7.32},{"id":0,"code_insee":"52050","nom_standard":"Biesles","nom_a":null,"nom_de":null,"slug_ville":"biesles","departement_id":0,"code_postal":"52340","population":1342,"superficie_km2":"2411.75","latitude_centre":"48.1119","longitude_centre":"5.2896","distance_km":7.79},{"id":0,"code_insee":"52353","nom_standard":"Nogent","nom_a":null,"nom_de":null,"slug_ville":"nogent","departement_id":0,"code_postal":"52800","population":3550,"superficie_km2":"5511.18","latitude_centre":"48.0419","longitude_centre":"5.3635","distance_km":8.0},{"id":0,"code_insee":"52538","nom_standard":"Villiers-sur-Suize","nom_a":null,"nom_de":null,"slug_ville":"villiers-sur-suize","departement_id":0,"code_postal":"52210","population":255,"superficie_km2":"1768.42","latitude_centre":"47.9799","longitude_centre":"5.1916","distance_km":8.73},{"id":0,"code_insee":"52541","nom_standard":"Vitry-lès-Nogent","nom_a":null,"nom_de":null,"slug_ville":"vitry-les-nogent","departement_id":0,"code_postal":"52800","population":205,"superficie_km2":"814.05","latitude_centre":"47.987","longitude_centre":"5.3428","distance_km":9.16},{"id":0,"code_insee":"52121","nom_standard":"Chaumont","nom_a":null,"nom_de":null,"slug_ville":"chaumont","departement_id":0,"code_postal":"52000","population":20827,"superficie_km2":"5514.07","latitude_centre":"48.0965","longitude_centre":"5.1566","distance_km":9.31},{"id":23869,"code_insee":"52001","nom_standard":"Ageville","nom_a":null,"nom_de":null,"slug_ville":"ageville","departement_id":0,"code_postal":"52340","population":290,"superficie_km2":"1967.66","latitude_centre":"48.1102","longitude_centre":"5.3376","distance_km":9.41},{"id":24010,"code_insee":"52196","nom_standard":"Faverolles","nom_a":null,"nom_de":null,"slug_ville":"faverolles","departement_id":0,"code_postal":"52260","population":102,"superficie_km2":"1757.04","latitude_centre":"47.9559","longitude_centre":"5.2227","distance_km":10.27},{"id":0,"code_insee":"52494","nom_standard":"Treix","nom_a":null,"nom_de":null,"slug_ville":"treix","departement_id":0,"code_postal":"52000","population":213,"superficie_km2":"1559.16","latitude_centre":"48.1419","longitude_centre":"5.2161","distance_km":11.12},{"id":0,"code_insee":"52432","nom_standard":"Rolampont","nom_a":null,"nom_de":null,"slug_ville":"rolampont","departement_id":0,"code_postal":"52260","population":1373,"superficie_km2":"4929.00","latitude_centre":"47.9476","longitude_centre":"5.309","distance_km":11.58}]}