{"ville":{"id":11516,"code_insee":"06098","nom_standard":"Puget-Rostang","nom_a":null,"nom_de":null,"slug_ville":"puget-rostang","departement_id":0,"code_postal":"06260","population":116,"superficie_km2":"2240.16","latitude_centre":"44.0056","longitude_centre":"6.9333","dep_code":"06","dep_nom":"Alpes-Maritimes","dep_slug":"alpes-maritimes","reg_code":"93","reg_nom":"Provence-Alpes-Côte d'Azur","reg_slug":"provence-alpes-cote-d-azur"},"departement":{"code":"06","nom":"Alpes-Maritimes","slug":"alpes-maritimes"},"region":{"code":"93","nom":"Provence-Alpes-Côte d'Azur","slug":"provence-alpes-cote-d-azur"},"villes_proches":[{"id":11469,"code_insee":"06008","nom_standard":"Auvare","nom_a":null,"nom_de":null,"slug_ville":"auvare","departement_id":0,"code_postal":"06260","population":52,"superficie_km2":"1796.23","latitude_centre":"44.0062","longitude_centre":"6.9133","distance_km":1.6},{"id":0,"code_insee":"06101","nom_standard":"Rigaud","nom_a":null,"nom_de":null,"slug_ville":"rigaud","departement_id":0,"code_postal":"06260","population":165,"superficie_km2":"3223.68","latitude_centre":"43.9942","longitude_centre":"6.976","distance_km":3.64},{"id":11491,"code_insee":"06051","nom_standard":"La Croix-sur-Roudoule","nom_a":null,"nom_de":null,"slug_ville":"la-croix-sur-roudoule","departement_id":0,"code_postal":"06260","population":96,"superficie_km2":"2989.24","latitude_centre":"44.0032","longitude_centre":"6.871","distance_km":4.99},{"id":0,"code_insee":"06099","nom_standard":"Puget-Théniers","nom_a":null,"nom_de":null,"slug_ville":"puget-theniers","departement_id":0,"code_postal":"06260","population":1798,"superficie_km2":"2135.02","latitude_centre":"43.9498","longitude_centre":"6.9049","distance_km":6.61},{"id":11514,"code_insee":"06096","nom_standard":"Pierlas","nom_a":null,"nom_de":null,"slug_ville":"pierlas","departement_id":0,"code_postal":"06260","population":98,"superficie_km2":"3138.39","latitude_centre":"44.035","longitude_centre":"7.0177","distance_km":7.5},{"id":11505,"code_insee":"06076","nom_standard":"Lieuche","nom_a":null,"nom_de":null,"slug_ville":"lieuche","departement_id":0,"code_postal":"06260","population":50,"superficie_km2":"1313.74","latitude_centre":"44.0001","longitude_centre":"7.0361","distance_km":8.24},{"id":0,"code_insee":"06139","nom_standard":"Thiéry","nom_a":null,"nom_de":null,"slug_ville":"thiery","departement_id":0,"code_postal":"06710","population":91,"superficie_km2":"2198.45","latitude_centre":"43.9759","longitude_centre":"7.0365","distance_km":8.89},{"id":0,"code_insee":"06124","nom_standard":"Saint-Léger","nom_a":null,"nom_de":null,"slug_ville":"saint-leger","departement_id":0,"code_postal":"06260","population":61,"superficie_km2":"451.30","latitude_centre":"44.0014","longitude_centre":"6.8189","distance_km":9.16},{"id":0,"code_insee":"06143","nom_standard":"Touët-sur-Var","nom_a":null,"nom_de":null,"slug_ville":"touet-sur-var","departement_id":0,"code_postal":"06710","population":748,"superficie_km2":"1441.49","latitude_centre":"43.9433","longitude_centre":"7.0091","distance_km":9.21},{"id":11512,"code_insee":"06093","nom_standard":"La Penne","nom_a":null,"nom_de":null,"slug_ville":"la-penne","departement_id":0,"code_postal":"06260","population":254,"superficie_km2":"1798.18","latitude_centre":"43.9202","longitude_centre":"6.9361","distance_km":9.5},{"id":11290,"code_insee":"04194","nom_standard":"Saint-Pierre","nom_a":null,"nom_de":null,"slug_ville":"saint-pierre","departement_id":0,"code_postal":"06260","population":99,"superficie_km2":"548.23","latitude_centre":"43.9114","longitude_centre":"6.922","distance_km":10.51},{"id":0,"code_insee":"06115","nom_standard":"Saint-Antonin","nom_a":null,"nom_de":null,"slug_ville":"saint-antonin","departement_id":0,"code_postal":"06260","population":85,"superficie_km2":"638.24","latitude_centre":"43.9085","longitude_centre":"6.9739","distance_km":11.28},{"id":11270,"code_insee":"04170","nom_standard":"La Rochette","nom_a":null,"nom_de":null,"slug_ville":"la-rochette","departement_id":0,"code_postal":"06260","population":74,"superficie_km2":"1868.45","latitude_centre":"43.9097","longitude_centre":"6.875","distance_km":11.64},{"id":11502,"code_insee":"06071","nom_standard":"Guillaumes","nom_a":null,"nom_de":null,"slug_ville":"guillaumes","departement_id":0,"code_postal":"06470","population":587,"superficie_km2":"8647.43","latitude_centre":"44.1007","longitude_centre":"6.8673","distance_km":11.82},{"id":11468,"code_insee":"06005","nom_standard":"Ascros","nom_a":null,"nom_de":null,"slug_ville":"ascros","departement_id":0,"code_postal":"06260","population":174,"superficie_km2":"1747.39","latitude_centre":"43.9171","longitude_centre":"7.0159","distance_km":11.86},{"id":11473,"code_insee":"06016","nom_standard":"Beuil","nom_a":null,"nom_de":null,"slug_ville":"beuil","departement_id":0,"code_postal":"06470","population":483,"superficie_km2":"7454.38","latitude_centre":"44.1176","longitude_centre":"6.9693","distance_km":12.78},{"id":11487,"code_insee":"06045","nom_standard":"Collongues","nom_a":null,"nom_de":null,"slug_ville":"collongues","departement_id":0,"code_postal":"06910","population":84,"superficie_km2":"1086.45","latitude_centre":"43.8934","longitude_centre":"6.8642","distance_km":13.65},{"id":11492,"code_insee":"06052","nom_standard":"Cuébris","nom_a":null,"nom_de":null,"slug_ville":"cuebris","departement_id":0,"code_postal":"06910","population":130,"superficie_km2":"2297.52","latitude_centre":"43.889","longitude_centre":"6.9955","distance_km":13.89},{"id":0,"code_insee":"06131","nom_standard":"Sallagriffon","nom_a":null,"nom_de":null,"slug_ville":"sallagriffon","departement_id":0,"code_postal":"06910","population":47,"superficie_km2":"961.76","latitude_centre":"43.8805","longitude_centre":"6.9117","distance_km":14.02},{"id":11513,"code_insee":"06094","nom_standard":"Péone","nom_a":null,"nom_de":null,"slug_ville":"peone","departement_id":0,"code_postal":"06470","population":1094,"superficie_km2":"4844.67","latitude_centre":"44.1333","longitude_centre":"6.925","distance_km":14.22}]}