{"ville":{"id":11267,"code_insee":"04164","nom_standard":"Revest-Saint-Martin","nom_a":null,"nom_de":null,"slug_ville":"revest-saint-martin","departement_id":0,"code_postal":"04230","population":79,"superficie_km2":"756.22","latitude_centre":"44.0228","longitude_centre":"5.8258","dep_code":"04","dep_nom":"Alpes-de-Haute-Provence","dep_slug":"alpes-de-haute-provence","reg_code":"93","reg_nom":"Provence-Alpes-Côte d'Azur","reg_slug":"provence-alpes-cote-d-azur"},"departement":{"code":"04","nom":"Alpes-de-Haute-Provence","slug":"alpes-de-haute-provence"},"region":{"code":"93","nom":"Provence-Alpes-Côte d'Azur","slug":"provence-alpes-cote-d-azur"},"villes_proches":[{"id":11242,"code_insee":"04130","nom_standard":"Montlaux","nom_a":null,"nom_de":null,"slug_ville":"montlaux","departement_id":0,"code_postal":"04230","population":209,"superficie_km2":"1983.30","latitude_centre":"44.0405","longitude_centre":"5.8443","distance_km":2.46},{"id":0,"code_insee":"04206","nom_standard":"Sigonce","nom_a":null,"nom_de":null,"slug_ville":"sigonce","departement_id":0,"code_postal":"04300","population":419,"superficie_km2":"2031.70","latitude_centre":"44.0087","longitude_centre":"5.8505","distance_km":2.52},{"id":11216,"code_insee":"04087","nom_standard":"Fontienne","nom_a":null,"nom_de":null,"slug_ville":"fontienne","departement_id":0,"code_postal":"04230","population":129,"superficie_km2":"821.61","latitude_centre":"44.0076","longitude_centre":"5.7897","distance_km":3.35},{"id":0,"code_insee":"04178","nom_standard":"Saint-Étienne-les-Orgues","nom_a":null,"nom_de":null,"slug_ville":"saint-etienne-les-orgues","departement_id":0,"code_postal":"04230","population":1286,"superficie_km2":"4875.07","latitude_centre":"44.0648","longitude_centre":"5.7798","distance_km":5.94},{"id":11257,"code_insee":"04151","nom_standard":"Pierrerue","nom_a":null,"nom_de":null,"slug_ville":"pierrerue","departement_id":0,"code_postal":"04300","population":529,"superficie_km2":"1097.16","latitude_centre":"43.9645","longitude_centre":"5.8394","distance_km":6.57},{"id":11201,"code_insee":"04065","nom_standard":"Cruis","nom_a":null,"nom_de":null,"slug_ville":"cruis","departement_id":0,"code_postal":"04230","population":655,"superficie_km2":"3659.91","latitude_centre":"44.0845","longitude_centre":"5.8397","distance_km":6.95},{"id":11218,"code_insee":"04091","nom_standard":"Ganagobie","nom_a":null,"nom_de":null,"slug_ville":"ganagobie","departement_id":0,"code_postal":"04310","population":89,"superficie_km2":"1057.64","latitude_centre":"44.0026","longitude_centre":"5.9113","distance_km":7.2},{"id":11227,"code_insee":"04106","nom_standard":"Lurs","nom_a":null,"nom_de":null,"slug_ville":"lurs","departement_id":0,"code_postal":"04700","population":385,"superficie_km2":"2250.66","latitude_centre":"43.9674","longitude_centre":"5.878","distance_km":7.44},{"id":0,"code_insee":"04088","nom_standard":"Forcalquier","nom_a":null,"nom_de":null,"slug_ville":"forcalquier","departement_id":0,"code_postal":"04300","population":5222,"superficie_km2":"4330.81","latitude_centre":"43.9582","longitude_centre":"5.7842","distance_km":7.92},{"id":11252,"code_insee":"04141","nom_standard":"Ongles","nom_a":null,"nom_de":null,"slug_ville":"ongles","departement_id":0,"code_postal":"04230","population":358,"superficie_km2":"3171.34","latitude_centre":"44.039","longitude_centre":"5.7249","distance_km":8.27},{"id":11229,"code_insee":"04109","nom_standard":"Mallefougasse-Augès","nom_a":null,"nom_de":null,"slug_ville":"mallefougasse-auges","departement_id":0,"code_postal":"04230","population":327,"superficie_km2":"1949.21","latitude_centre":"44.0766","longitude_centre":"5.8998","distance_km":8.41},{"id":0,"code_insee":"04149","nom_standard":"Peyruis","nom_a":null,"nom_de":null,"slug_ville":"peyruis","departement_id":0,"code_postal":"04310","population":2798,"superficie_km2":"2335.04","latitude_centre":"44.0351","longitude_centre":"5.9306","distance_km":8.49},{"id":11226,"code_insee":"04104","nom_standard":"Limans","nom_a":null,"nom_de":null,"slug_ville":"limans","departement_id":0,"code_postal":"04300","population":385,"superficie_km2":"2097.48","latitude_centre":"43.986","longitude_centre":"5.7188","distance_km":9.49},{"id":11249,"code_insee":"04138","nom_standard":"Niozelles","nom_a":null,"nom_de":null,"slug_ville":"niozelles","departement_id":0,"code_postal":"04300","population":274,"superficie_km2":"1060.78","latitude_centre":"43.933","longitude_centre":"5.8445","distance_km":10.1},{"id":11224,"code_insee":"04101","nom_standard":"Lardiers","nom_a":null,"nom_de":null,"slug_ville":"lardiers","departement_id":0,"code_postal":"04230","population":143,"superficie_km2":"3021.93","latitude_centre":"44.0846","longitude_centre":"5.7228","distance_km":10.72},{"id":0,"code_insee":"04111","nom_standard":"Mane","nom_a":null,"nom_de":null,"slug_ville":"mane","departement_id":0,"code_postal":"04300","population":1410,"superficie_km2":"2193.43","latitude_centre":"43.9426","longitude_centre":"5.7419","distance_km":11.16},{"id":0,"code_insee":"04034","nom_standard":"La Brillanne","nom_a":null,"nom_de":null,"slug_ville":"la-brillanne","departement_id":0,"code_postal":"04700","population":1121,"superficie_km2":"693.74","latitude_centre":"43.93","longitude_centre":"5.8822","distance_km":11.26},{"id":11193,"code_insee":"04053","nom_standard":"Châteauneuf-Val-Saint-Donat","nom_a":null,"nom_de":null,"slug_ville":"chateauneuf-val-saint-donat","departement_id":0,"code_postal":"04200","population":532,"superficie_km2":"2121.20","latitude_centre":"44.0951","longitude_centre":"5.9289","distance_km":11.51},{"id":0,"code_insee":"04229","nom_standard":"Valbelle","nom_a":null,"nom_de":null,"slug_ville":"valbelle","departement_id":0,"code_postal":"04200","population":238,"superficie_km2":"3313.78","latitude_centre":"44.1398","longitude_centre":"5.8753","distance_km":13.6},{"id":0,"code_insee":"04188","nom_standard":"Saint-Maime","nom_a":null,"nom_de":null,"slug_ville":"saint-maime","departement_id":0,"code_postal":"04300","population":923,"superficie_km2":"764.76","latitude_centre":"43.8981","longitude_centre":"5.7988","distance_km":14.03}]}