{"ville":{"id":31557,"code_insee":"74234","nom_standard":"Saint-Ferréol","nom_a":null,"nom_de":null,"slug_ville":"saint-ferreol","departement_id":0,"code_postal":"74210","population":874,"superficie_km2":"1675.58","latitude_centre":"45.7835","longitude_centre":"6.3075","dep_code":"74","dep_nom":"Haute-Savoie","dep_slug":"haute-savoie","reg_code":"84","reg_nom":"Auvergne-Rhône-Alpes","reg_slug":"auvergne-rhone-alpes"},"departement":{"code":"74","nom":"Haute-Savoie","slug":"haute-savoie"},"region":{"code":"84","nom":"Auvergne-Rhône-Alpes","slug":"auvergne-rhone-alpes"},"villes_proches":[{"id":0,"code_insee":"74265","nom_standard":"Serraval","nom_a":null,"nom_de":null,"slug_ville":"serraval","departement_id":0,"code_postal":"74230","population":758,"superficie_km2":"1970.25","latitude_centre":"45.8064","longitude_centre":"6.3306","distance_km":3.11},{"id":0,"code_insee":"74167","nom_standard":"Val de Chaise","nom_a":null,"nom_de":null,"slug_ville":"val-de-chaise","departement_id":0,"code_postal":"74210","population":1384,"superficie_km2":"1865.93","latitude_centre":"45.7597","longitude_centre":"6.3534","distance_km":4.44},{"id":0,"code_insee":"74123","nom_standard":"Faverges-Seythenex","nom_a":null,"nom_de":null,"slug_ville":"faverges-seythenex","departement_id":0,"code_postal":"74210","population":7545,"superficie_km2":"5920.32","latitude_centre":"45.7342","longitude_centre":"6.2896","distance_km":5.66},{"id":31489,"code_insee":"74045","nom_standard":"Le Bouchet-Mont-Charvin","nom_a":null,"nom_de":null,"slug_ville":"le-bouchet-mont-charvin","departement_id":0,"code_postal":"74230","population":245,"superficie_km2":"1840.52","latitude_centre":"45.8041","longitude_centre":"6.3847","distance_km":6.41},{"id":0,"code_insee":"74275","nom_standard":"Talloires-Montmin","nom_a":null,"nom_de":null,"slug_ville":"talloires-montmin","departement_id":0,"code_postal":"74210","population":1903,"superficie_km2":"4207.09","latitude_centre":"45.8171","longitude_centre":"6.2319","distance_km":6.95},{"id":0,"code_insee":"74104","nom_standard":"Doussard","nom_a":null,"nom_de":null,"slug_ville":"doussard","departement_id":0,"code_postal":"74210","population":3751,"superficie_km2":"2256.55","latitude_centre":"45.7636","longitude_centre":"6.2211","distance_km":7.06},{"id":31526,"code_insee":"74135","nom_standard":"Giez","nom_a":null,"nom_de":null,"slug_ville":"giez","departement_id":0,"code_postal":"74210","population":570,"superficie_km2":"1262.50","latitude_centre":"45.7348","longitude_centre":"6.2463","distance_km":7.2},{"id":31509,"code_insee":"74079","nom_standard":"Les Clefs","nom_a":null,"nom_de":null,"slug_ville":"les-clefs","departement_id":0,"code_postal":"74230","population":714,"superficie_km2":"1845.83","latitude_centre":"45.8486","longitude_centre":"6.3311","distance_km":7.47},{"id":0,"code_insee":"74147","nom_standard":"Lathuile","nom_a":null,"nom_de":null,"slug_ville":"lathuile","departement_id":0,"code_postal":"74210","population":1105,"superficie_km2":"873.91","latitude_centre":"45.7727","longitude_centre":"6.1964","distance_km":8.7},{"id":0,"code_insee":"73153","nom_standard":"Marthod","nom_a":null,"nom_de":null,"slug_ville":"marthod","departement_id":0,"code_postal":"73400","population":1346,"superficie_km2":"1464.78","latitude_centre":"45.732","longitude_centre":"6.3928","distance_km":8.75},{"id":0,"code_insee":"73303","nom_standard":"Ugine","nom_a":null,"nom_de":null,"slug_ville":"ugine","departement_id":0,"code_postal":"73400","population":7154,"superficie_km2":"5737.82","latitude_centre":"45.7796","longitude_centre":"6.425","distance_km":9.12},{"id":0,"code_insee":"74108","nom_standard":"Duingt","nom_a":null,"nom_de":null,"slug_ville":"duingt","departement_id":0,"code_postal":"74410","population":1078,"superficie_km2":"598.32","latitude_centre":"45.8191","longitude_centre":"6.197","distance_km":9.44},{"id":31450,"code_insee":"73292","nom_standard":"Thénésol","nom_a":null,"nom_de":null,"slug_ville":"thenesol","departement_id":0,"code_postal":"73200","population":326,"superficie_km2":"545.24","latitude_centre":"45.7169","longitude_centre":"6.3844","distance_km":9.51},{"id":31292,"code_insee":"73014","nom_standard":"Allondaz","nom_a":null,"nom_de":null,"slug_ville":"allondaz","departement_id":0,"code_postal":"73200","population":298,"superficie_km2":"405.18","latitude_centre":"45.7103","longitude_centre":"6.3713","distance_km":9.53},{"id":0,"code_insee":"74160","nom_standard":"Manigod","nom_a":null,"nom_de":null,"slug_ville":"manigod","departement_id":0,"code_postal":"74230","population":1000,"superficie_km2":"4399.39","latitude_centre":"45.8439","longitude_centre":"6.3981","distance_km":9.72},{"id":31505,"code_insee":"74072","nom_standard":"Chevaline","nom_a":null,"nom_de":null,"slug_ville":"chevaline","departement_id":0,"code_postal":"74210","population":181,"superficie_km2":"1413.58","latitude_centre":"45.7313","longitude_centre":"6.2069","distance_km":9.73},{"id":0,"code_insee":"73154","nom_standard":"Mercury","nom_a":null,"nom_de":null,"slug_ville":"mercury","departement_id":0,"code_postal":"73200","population":3495,"superficie_km2":"2233.82","latitude_centre":"45.6929","longitude_centre":"6.3434","distance_km":10.45},{"id":0,"code_insee":"74280","nom_standard":"Thônes","nom_a":null,"nom_de":null,"slug_ville":"thones","departement_id":0,"code_postal":"74230","population":6654,"superficie_km2":"5224.62","latitude_centre":"45.8834","longitude_centre":"6.3329","distance_km":11.28},{"id":31486,"code_insee":"74036","nom_standard":"Bluffy","nom_a":null,"nom_de":null,"slug_ville":"bluffy","departement_id":0,"code_postal":"74290","population":395,"superficie_km2":"373.10","latitude_centre":"45.8671","longitude_centre":"6.2241","distance_km":11.32},{"id":31398,"code_insee":"73202","nom_standard":"Plancherine","nom_a":null,"nom_de":null,"slug_ville":"plancherine","departement_id":0,"code_postal":"73200","population":471,"superficie_km2":"677.02","latitude_centre":"45.6764","longitude_centre":"6.2936","distance_km":11.96}]}