{"ville":{"id":11281,"code_insee":"04183","nom_standard":"Saint-Julien-du-Verdon","nom_a":null,"nom_de":null,"slug_ville":"saint-julien-du-verdon","departement_id":0,"code_postal":"04170","population":179,"superficie_km2":"751.04","latitude_centre":"43.9122","longitude_centre":"6.5472","dep_code":"04","dep_nom":"Alpes-de-Haute-Provence","dep_slug":"alpes-de-haute-provence","reg_code":"93","reg_nom":"Provence-Alpes-Côte d'Azur","reg_slug":"provence-alpes-cote-d-azur"},"departement":{"code":"04","nom":"Alpes-de-Haute-Provence","slug":"alpes-de-haute-provence"},"region":{"code":"93","nom":"Provence-Alpes-Côte d'Azur","slug":"provence-alpes-cote-d-azur"},"villes_proches":[{"id":11163,"code_insee":"04007","nom_standard":"Angles","nom_a":null,"nom_de":null,"slug_ville":"angles","departement_id":0,"code_postal":"04170","population":72,"superficie_km2":"998.46","latitude_centre":"43.9442","longitude_centre":"6.5531","distance_km":3.59},{"id":0,"code_insee":"04236","nom_standard":"Vergons","nom_a":null,"nom_de":null,"slug_ville":"vergons","departement_id":0,"code_postal":"04170","population":118,"superficie_km2":"4600.86","latitude_centre":"43.9158","longitude_centre":"6.602","distance_km":4.41},{"id":11205,"code_insee":"04069","nom_standard":"Demandolx","nom_a":null,"nom_de":null,"slug_ville":"demandolx","departement_id":0,"code_postal":"04120","population":112,"superficie_km2":"2054.52","latitude_centre":"43.8685","longitude_centre":"6.5768","distance_km":5.41},{"id":0,"code_insee":"04173","nom_standard":"Saint-André-les-Alpes","nom_a":null,"nom_de":null,"slug_ville":"saint-andre-les-alpes","departement_id":0,"code_postal":"04170","population":1029,"superficie_km2":"4919.53","latitude_centre":"43.9711","longitude_centre":"6.5043","distance_km":7.4},{"id":11161,"code_insee":"04005","nom_standard":"Allons","nom_a":null,"nom_de":null,"slug_ville":"allons","departement_id":0,"code_postal":"04170","population":126,"superficie_km2":"4198.16","latitude_centre":"43.9769","longitude_centre":"6.5929","distance_km":8.07},{"id":0,"code_insee":"04039","nom_standard":"Castellane","nom_a":null,"nom_de":null,"slug_ville":"castellane","departement_id":0,"code_postal":"04120","population":1472,"superficie_km2":"12217.09","latitude_centre":"43.8485","longitude_centre":"6.4871","distance_km":8.57},{"id":11244,"code_insee":"04133","nom_standard":"Moriez","nom_a":null,"nom_de":null,"slug_ville":"moriez","departement_id":0,"code_postal":"04170","population":238,"superficie_km2":"3738.10","latitude_centre":"43.963","longitude_centre":"6.462","distance_km":8.86},{"id":11219,"code_insee":"04092","nom_standard":"La Garde","nom_a":null,"nom_de":null,"slug_ville":"la-garde","departement_id":0,"code_postal":"04120","population":121,"superficie_km2":"1679.11","latitude_centre":"43.8256","longitude_centre":"6.5662","distance_km":9.75},{"id":0,"code_insee":"04210","nom_standard":"Soleilhas","nom_a":null,"nom_de":null,"slug_ville":"soleilhas","departement_id":0,"code_postal":"04120","population":95,"superficie_km2":"3467.86","latitude_centre":"43.8611","longitude_centre":"6.6521","distance_km":10.15},{"id":0,"code_insee":"04008","nom_standard":"Annot","nom_a":null,"nom_de":null,"slug_ville":"annot","departement_id":0,"code_postal":"04240","population":1009,"superficie_km2":"2988.89","latitude_centre":"43.9631","longitude_centre":"6.6631","distance_km":10.87},{"id":0,"code_insee":"04224","nom_standard":"Ubraye","nom_a":null,"nom_de":null,"slug_ville":"ubraye","departement_id":0,"code_postal":"04240","population":103,"superficie_km2":"3577.70","latitude_centre":"43.9092","longitude_centre":"6.6862","distance_km":11.14},{"id":11247,"code_insee":"04136","nom_standard":"La Mure-Argens","nom_a":null,"nom_de":null,"slug_ville":"la-mure-argens","departement_id":0,"code_postal":"04170","population":345,"superficie_km2":"3498.39","latitude_centre":"44.0186","longitude_centre":"6.5295","distance_km":11.92},{"id":11255,"code_insee":"04148","nom_standard":"Peyroules","nom_a":null,"nom_de":null,"slug_ville":"peyroules","departement_id":0,"code_postal":"04120","population":255,"superficie_km2":"3343.94","latitude_centre":"43.8168","longitude_centre":"6.6495","distance_km":13.41},{"id":11171,"code_insee":"04022","nom_standard":"Barrême","nom_a":null,"nom_de":null,"slug_ville":"barreme","departement_id":0,"code_postal":"04330","population":413,"superficie_km2":"3735.47","latitude_centre":"43.9467","longitude_centre":"6.386","distance_km":13.47},{"id":0,"code_insee":"04187","nom_standard":"Saint-Lions","nom_a":null,"nom_de":null,"slug_ville":"saint-lions","departement_id":0,"code_postal":"04330","population":38,"superficie_km2":"1156.40","latitude_centre":"43.978","longitude_centre":"6.4045","distance_km":13.57},{"id":0,"code_insee":"83040","nom_standard":"Châteauvieux","nom_a":null,"nom_de":null,"slug_ville":"chateauvieux","departement_id":0,"code_postal":"83840","population":78,"superficie_km2":"1484.62","latitude_centre":"43.7874","longitude_centre":"6.5959","distance_km":14.42},{"id":11217,"code_insee":"04090","nom_standard":"Le Fugeret","nom_a":null,"nom_de":null,"slug_ville":"le-fugeret","departement_id":0,"code_postal":"04240","population":196,"superficie_km2":"2842.29","latitude_centre":"44.0183","longitude_centre":"6.6627","distance_km":14.99},{"id":0,"code_insee":"83020","nom_standard":"Le Bourguet","nom_a":null,"nom_de":null,"slug_ville":"le-bourguet","departement_id":0,"code_postal":"83840","population":42,"superficie_km2":"2528.87","latitude_centre":"43.7798","longitude_centre":"6.5017","distance_km":15.17},{"id":0,"code_insee":"83022","nom_standard":"Brenon","nom_a":null,"nom_de":null,"slug_ville":"brenon","departement_id":0,"code_postal":"83840","population":24,"superficie_km2":"579.69","latitude_centre":"43.7691","longitude_centre":"6.5365","distance_km":15.94},{"id":0,"code_insee":"83074","nom_standard":"La Martre","nom_a":null,"nom_de":null,"slug_ville":"la-martre","departement_id":0,"code_postal":"83840","population":226,"superficie_km2":"2071.35","latitude_centre":"43.7631","longitude_centre":"6.5914","distance_km":16.95}]}