{"ville":{"id":11296,"code_insee":"04203","nom_standard":"Selonnet","nom_a":null,"nom_de":null,"slug_ville":"selonnet","departement_id":0,"code_postal":"04140","population":443,"superficie_km2":"2975.76","latitude_centre":"44.3713","longitude_centre":"6.299","dep_code":"04","dep_nom":"Alpes-de-Haute-Provence","dep_slug":"alpes-de-haute-provence","reg_code":"93","reg_nom":"Provence-Alpes-Côte d'Azur","reg_slug":"provence-alpes-cote-d-azur"},"departement":{"code":"04","nom":"Alpes-de-Haute-Provence","slug":"alpes-de-haute-provence"},"region":{"code":"93","nom":"Provence-Alpes-Côte d'Azur","slug":"provence-alpes-cote-d-azur"},"villes_proches":[{"id":11288,"code_insee":"04191","nom_standard":"Saint-Martin-lès-Seyne","nom_a":null,"nom_de":null,"slug_ville":"saint-martin-les-seyne","departement_id":0,"code_postal":"04140","population":7,"superficie_km2":"1221.65","latitude_centre":"44.3858","longitude_centre":"6.2527","distance_km":4.02},{"id":11238,"code_insee":"04126","nom_standard":"Montclar","nom_a":null,"nom_de":null,"slug_ville":"montclar","departement_id":0,"code_postal":"04140","population":394,"superficie_km2":"2337.51","latitude_centre":"44.4004","longitude_centre":"6.3428","distance_km":4.75},{"id":0,"code_insee":"04205","nom_standard":"Seyne","nom_a":null,"nom_de":null,"slug_ville":"seyne","departement_id":0,"code_postal":"04140","population":1379,"superficie_km2":"8632.77","latitude_centre":"44.3435","longitude_centre":"6.3802","distance_km":7.16},{"id":11168,"code_insee":"04017","nom_standard":"Auzet","nom_a":null,"nom_de":null,"slug_ville":"auzet","departement_id":0,"code_postal":"04140","population":102,"superficie_km2":"3494.57","latitude_centre":"44.3041","longitude_centre":"6.3169","distance_km":7.61},{"id":0,"code_insee":"05022","nom_standard":"Bréziers","nom_a":null,"nom_de":null,"slug_ville":"breziers","departement_id":0,"code_postal":"05190","population":229,"superficie_km2":"3060.67","latitude_centre":"44.4163","longitude_centre":"6.2184","distance_km":8.13},{"id":11181,"code_insee":"04033","nom_standard":"Ubaye-Serre-Ponçon","nom_a":null,"nom_de":null,"slug_ville":"ubaye-serre-poncon","departement_id":0,"code_postal":"04340","population":786,"superficie_km2":"6757.89","latitude_centre":"44.4447","longitude_centre":"6.319","distance_km":8.31},{"id":11175,"code_insee":"04026","nom_standard":"Bellaffaire","nom_a":null,"nom_de":null,"slug_ville":"bellaffaire","departement_id":0,"code_postal":"04250","population":159,"superficie_km2":"1321.22","latitude_centre":"44.4074","longitude_centre":"6.1947","distance_km":9.21},{"id":11225,"code_insee":"04102","nom_standard":"Le Lauzet-Ubaye","nom_a":null,"nom_de":null,"slug_ville":"le-lauzet-ubaye","departement_id":0,"code_postal":"04340","population":229,"superficie_km2":"6733.48","latitude_centre":"44.4255","longitude_centre":"6.4052","distance_km":10.37},{"id":11169,"code_insee":"04020","nom_standard":"Barles","nom_a":null,"nom_de":null,"slug_ville":"barles","departement_id":0,"code_postal":"04140","population":118,"superficie_km2":"5969.54","latitude_centre":"44.2815","longitude_centre":"6.2532","distance_km":10.63},{"id":11172,"code_insee":"04023","nom_standard":"Bayons","nom_a":null,"nom_de":null,"slug_ville":"bayons","departement_id":0,"code_postal":"04250","population":199,"superficie_km2":"12642.94","latitude_centre":"44.3233","longitude_centre":"6.1832","distance_km":10.64},{"id":0,"code_insee":"04222","nom_standard":"Turriers","nom_a":null,"nom_de":null,"slug_ville":"turriers","departement_id":0,"code_postal":"04250","population":345,"superficie_km2":"1999.52","latitude_centre":"44.3934","longitude_centre":"6.1596","distance_km":11.35},{"id":0,"code_insee":"04235","nom_standard":"Verdaches","nom_a":null,"nom_de":null,"slug_ville":"verdaches","departement_id":0,"code_postal":"04140","population":61,"superficie_km2":"2392.04","latitude_centre":"44.2718","longitude_centre":"6.3432","distance_km":11.61},{"id":0,"code_insee":"05121","nom_standard":"Rochebrune","nom_a":null,"nom_de":null,"slug_ville":"rochebrune","departement_id":0,"code_postal":"05190","population":195,"superficie_km2":"1209.62","latitude_centre":"44.4506","longitude_centre":"6.1962","distance_km":12.02},{"id":0,"code_insee":"05127","nom_standard":"Rousset-Serre-Ponçon","nom_a":null,"nom_de":null,"slug_ville":"rousset-serre-poncon","departement_id":0,"code_postal":"05190","population":167,"superficie_km2":"1658.94","latitude_centre":"44.4856","longitude_centre":"6.2684","distance_km":12.94},{"id":0,"code_insee":"05163","nom_standard":"Le Sauze-du-Lac","nom_a":null,"nom_de":null,"slug_ville":"le-sauze-du-lac","departement_id":0,"code_postal":"05160","population":159,"superficie_km2":"1222.57","latitude_centre":"44.4869","longitude_centre":"6.3209","distance_km":12.97},{"id":11220,"code_insee":"04093","nom_standard":"Gigors","nom_a":null,"nom_de":null,"slug_ville":"gigors","departement_id":0,"code_postal":"04250","population":58,"superficie_km2":"1380.10","latitude_centre":"44.4243","longitude_centre":"6.1422","distance_km":13.78},{"id":0,"code_insee":"04237","nom_standard":"Le Vernet","nom_a":null,"nom_de":null,"slug_ville":"le-vernet","departement_id":0,"code_postal":"04140","population":132,"superficie_km2":"2326.76","latitude_centre":"44.2762","longitude_centre":"6.4153","distance_km":14.05},{"id":0,"code_insee":"05050","nom_standard":"Espinasses","nom_a":null,"nom_de":null,"slug_ville":"espinasses","departement_id":0,"code_postal":"05190","population":777,"superficie_km2":"1357.75","latitude_centre":"44.4902","longitude_centre":"6.2371","distance_km":14.11},{"id":0,"code_insee":"05171","nom_standard":"Théus","nom_a":null,"nom_de":null,"slug_ville":"theus","departement_id":0,"code_postal":"05190","population":232,"superficie_km2":"1653.76","latitude_centre":"44.4863","longitude_centre":"6.1951","distance_km":15.22},{"id":11258,"code_insee":"04154","nom_standard":"Pontis","nom_a":null,"nom_de":null,"slug_ville":"pontis","departement_id":0,"code_postal":"05160","population":96,"superficie_km2":"1610.19","latitude_centre":"44.4984","longitude_centre":"6.3704","distance_km":15.23}]}