{"ville":{"id":11135,"code_insee":"03289","nom_standard":"Treteau","nom_a":null,"nom_de":null,"slug_ville":"treteau","departement_id":0,"code_postal":"03220","population":520,"superficie_km2":"3148.47","latitude_centre":"46.3654","longitude_centre":"3.5221","dep_code":"03","dep_nom":"Allier","dep_slug":"allier","reg_code":"84","reg_nom":"Auvergne-Rhône-Alpes","reg_slug":"auvergne-rhone-alpes"},"departement":{"code":"03","nom":"Allier","slug":"allier"},"region":{"code":"84","nom":"Auvergne-Rhône-Alpes","slug":"auvergne-rhone-alpes"},"villes_proches":[{"id":11004,"code_insee":"03132","nom_standard":"Jaligny-sur-Besbre","nom_a":null,"nom_de":null,"slug_ville":"jaligny-sur-besbre","departement_id":0,"code_postal":"03220","population":559,"superficie_km2":"973.47","latitude_centre":"46.3789","longitude_centre":"3.5856","distance_km":5.1},{"id":10969,"code_insee":"03079","nom_standard":"Cindré","nom_a":null,"nom_de":null,"slug_ville":"cindre","departement_id":0,"code_postal":"03220","population":276,"superficie_km2":"2277.92","latitude_centre":"46.3215","longitude_centre":"3.5469","distance_km":5.24},{"id":11113,"code_insee":"03263","nom_standard":"Saint-Voir","nom_a":null,"nom_de":null,"slug_ville":"saint-voir","departement_id":0,"code_postal":"03220","population":201,"superficie_km2":"2516.56","latitude_centre":"46.4114","longitude_centre":"3.5061","distance_km":5.26},{"id":10933,"code_insee":"03034","nom_standard":"Boucé","nom_a":null,"nom_de":null,"slug_ville":"bouce","departement_id":0,"code_postal":"03150","population":507,"superficie_km2":"2198.18","latitude_centre":"46.3178","longitude_centre":"3.4958","distance_km":5.66},{"id":11049,"code_insee":"03187","nom_standard":"Montoldre","nom_a":null,"nom_de":null,"slug_ville":"montoldre","departement_id":0,"code_postal":"03150","population":590,"superficie_km2":"1919.75","latitude_centre":"46.338","longitude_centre":"3.4567","distance_km":5.87},{"id":10961,"code_insee":"03071","nom_standard":"Chavroches","nom_a":null,"nom_de":null,"slug_ville":"chavroches","departement_id":0,"code_postal":"03220","population":268,"superficie_km2":"1000.21","latitude_centre":"46.354","longitude_centre":"3.5984","distance_km":5.99},{"id":11131,"code_insee":"03284","nom_standard":"Thionne","nom_a":null,"nom_de":null,"slug_ville":"thionne","departement_id":0,"code_postal":"03220","population":291,"superficie_km2":"2710.55","latitude_centre":"46.4152","longitude_centre":"3.5775","distance_km":6.98},{"id":0,"code_insee":"03291","nom_standard":"Trézelles","nom_a":null,"nom_de":null,"slug_ville":"trezelles","departement_id":0,"code_postal":"03220","population":391,"superficie_km2":"1827.81","latitude_centre":"46.3193","longitude_centre":"3.5988","distance_km":7.81},{"id":11043,"code_insee":"03179","nom_standard":"Montaigu-le-Blin","nom_a":null,"nom_de":null,"slug_ville":"montaigu-le-blin","departement_id":0,"code_postal":"03150","population":300,"superficie_km2":"1302.70","latitude_centre":"46.2914","longitude_centre":"3.5191","distance_km":8.23},{"id":10998,"code_insee":"03124","nom_standard":"Gouise","nom_a":null,"nom_de":null,"slug_ville":"gouise","departement_id":0,"code_postal":"03340","population":219,"superficie_km2":"2325.48","latitude_centre":"46.4103","longitude_centre":"3.4322","distance_km":8.51},{"id":11089,"code_insee":"03234","nom_standard":"Saint-Gérand-de-Vaux","nom_a":null,"nom_de":null,"slug_ville":"saint-gerand-de-vaux","departement_id":0,"code_postal":"03340","population":408,"superficie_km2":"4046.08","latitude_centre":"46.386","longitude_centre":"3.4128","distance_km":8.69},{"id":11070,"code_insee":"03215","nom_standard":"Rongères","nom_a":null,"nom_de":null,"slug_ville":"rongeres","departement_id":0,"code_postal":"03150","population":555,"superficie_km2":"900.38","latitude_centre":"46.2987","longitude_centre":"3.451","distance_km":9.21},{"id":10957,"code_insee":"03067","nom_standard":"Châtelperron","nom_a":null,"nom_de":null,"slug_ville":"chatelperron","departement_id":0,"code_postal":"03220","population":130,"superficie_km2":"2072.45","latitude_centre":"46.3996","longitude_centre":"3.6326","distance_km":9.29},{"id":11036,"code_insee":"03171","nom_standard":"Mercy","nom_a":null,"nom_de":null,"slug_ville":"mercy","departement_id":0,"code_postal":"03340","population":244,"superficie_km2":"2922.46","latitude_centre":"46.4493","longitude_centre":"3.524","distance_km":9.33},{"id":0,"code_insee":"03299","nom_standard":"Varennes-sur-Tèche","nom_a":null,"nom_de":null,"slug_ville":"varennes-sur-teche","departement_id":0,"code_postal":"03220","population":228,"superficie_km2":"1889.85","latitude_centre":"46.3165","longitude_centre":"3.6383","distance_km":10.45},{"id":11121,"code_insee":"03272","nom_standard":"Servilly","nom_a":null,"nom_de":null,"slug_ville":"servilly","departement_id":0,"code_postal":"03120","population":271,"superficie_km2":"1229.07","latitude_centre":"46.2776","longitude_centre":"3.5864","distance_km":10.94},{"id":11009,"code_insee":"03137","nom_standard":"Langy","nom_a":null,"nom_de":null,"slug_ville":"langy","departement_id":0,"code_postal":"03150","population":280,"superficie_km2":"737.99","latitude_centre":"46.2766","longitude_centre":"3.4604","distance_km":10.95},{"id":11090,"code_insee":"03235","nom_standard":"Saint-Gérand-le-Puy","nom_a":null,"nom_de":null,"slug_ville":"saint-gerand-le-puy","departement_id":0,"code_postal":"03150","population":963,"superficie_km2":"1967.14","latitude_centre":"46.261","longitude_centre":"3.5164","distance_km":11.62},{"id":11062,"code_insee":"03205","nom_standard":"Périgny","nom_a":null,"nom_de":null,"slug_ville":"perigny","departement_id":0,"code_postal":"03120","population":484,"superficie_km2":"2721.12","latitude_centre":"46.2455","longitude_centre":"3.5611","distance_km":13.66},{"id":10945,"code_insee":"03054","nom_standard":"Chapeau","nom_a":null,"nom_de":null,"slug_ville":"chapeau","departement_id":0,"code_postal":"03340","population":231,"superficie_km2":"3376.86","latitude_centre":"46.4928","longitude_centre":"3.5127","distance_km":14.18}]}