{"ville":{"id":11459,"code_insee":"05178","nom_standard":"Ventavon","nom_a":null,"nom_de":null,"slug_ville":"ventavon","departement_id":0,"code_postal":"05300","population":540,"superficie_km2":"4238.22","latitude_centre":"44.3819","longitude_centre":"5.889","dep_code":"05","dep_nom":"Hautes-Alpes","dep_slug":"hautes-alpes","reg_code":"93","reg_nom":"Provence-Alpes-Côte d'Azur","reg_slug":"provence-alpes-cote-d-azur"},"departement":{"code":"05","nom":"Hautes-Alpes","slug":"hautes-alpes"},"region":{"code":"93","nom":"Provence-Alpes-Côte d'Azur","slug":"provence-alpes-cote-d-azur"},"villes_proches":[{"id":11382,"code_insee":"05078","nom_standard":"Monêtier-Allemont","nom_a":null,"nom_de":null,"slug_ville":"monetier-allemont","departement_id":0,"code_postal":"05110","population":302,"superficie_km2":"751.20","latitude_centre":"44.3917","longitude_centre":"5.9317","distance_km":3.56},{"id":11377,"code_insee":"05073","nom_standard":"Lazer","nom_a":null,"nom_de":null,"slug_ville":"lazer","departement_id":0,"code_postal":"05300","population":345,"superficie_km2":"2202.88","latitude_centre":"44.3488","longitude_centre":"5.851","distance_km":4.76},{"id":11335,"code_insee":"05013","nom_standard":"Barcillonnette","nom_a":null,"nom_de":null,"slug_ville":"barcillonnette","departement_id":0,"code_postal":"05110","population":148,"superficie_km2":"1970.65","latitude_centre":"44.4333","longitude_centre":"5.8973","distance_km":5.75},{"id":11197,"code_insee":"04058","nom_standard":"Claret","nom_a":null,"nom_de":null,"slug_ville":"claret","departement_id":0,"code_postal":"05110","population":298,"superficie_km2":"2097.47","latitude_centre":"44.3728","longitude_centre":"5.9662","distance_km":6.22},{"id":11304,"code_insee":"04216","nom_standard":"Thèze","nom_a":null,"nom_de":null,"slug_ville":"theze","departement_id":0,"code_postal":"04200","population":268,"superficie_km2":"1123.33","latitude_centre":"44.3303","longitude_centre":"5.9248","distance_km":6.4},{"id":11455,"code_insee":"05173","nom_standard":"Upaix","nom_a":null,"nom_de":null,"slug_ville":"upaix","departement_id":0,"code_postal":"05300","population":494,"superficie_km2":"2328.96","latitude_centre":"44.3208","longitude_centre":"5.8869","distance_km":6.8},{"id":0,"code_insee":"05184","nom_standard":"Vitrolles","nom_a":null,"nom_de":null,"slug_ville":"vitrolles","departement_id":0,"code_postal":"05110","population":221,"superficie_km2":"1450.43","latitude_centre":"44.4296","longitude_centre":"5.9485","distance_km":7.1},{"id":0,"code_insee":"05070","nom_standard":"Laragne-Montéglin","nom_a":null,"nom_de":null,"slug_ville":"laragne-monteglin","departement_id":0,"code_postal":"05300","population":3549,"superficie_km2":"2270.78","latitude_centre":"44.3372","longitude_centre":"5.8197","distance_km":7.42},{"id":11362,"code_insee":"05053","nom_standard":"Garde-Colombe","nom_a":null,"nom_de":null,"slug_ville":"garde-colombe","departement_id":0,"code_postal":"05300","population":539,"superficie_km2":"3482.84","latitude_centre":"44.3602","longitude_centre":"5.7865","distance_km":8.5},{"id":11233,"code_insee":"04118","nom_standard":"Melve","nom_a":null,"nom_de":null,"slug_ville":"melve","departement_id":0,"code_postal":"04250","population":131,"superficie_km2":"1420.08","latitude_centre":"44.3546","longitude_centre":"5.9895","distance_km":8.55},{"id":11358,"code_insee":"05049","nom_standard":"Esparron","nom_a":null,"nom_de":null,"slug_ville":"esparron","departement_id":0,"code_postal":"05110","population":53,"superficie_km2":"2425.84","latitude_centre":"44.4597","longitude_centre":"5.8875","distance_km":8.65},{"id":11449,"code_insee":"05165","nom_standard":"Savournon","nom_a":null,"nom_de":null,"slug_ville":"savournon","departement_id":0,"code_postal":"05700","population":242,"superficie_km2":"3948.51","latitude_centre":"44.4234","longitude_centre":"5.7965","distance_km":8.68},{"id":11299,"code_insee":"04207","nom_standard":"Sigoyer","nom_a":null,"nom_de":null,"slug_ville":"sigoyer","departement_id":0,"code_postal":"04200","population":101,"superficie_km2":"1540.60","latitude_centre":"44.3231","longitude_centre":"5.9648","distance_km":8.89},{"id":11375,"code_insee":"05071","nom_standard":"Lardier-et-Valença","nom_a":null,"nom_de":null,"slug_ville":"lardier-et-valenca","departement_id":0,"code_postal":"05110","population":391,"superficie_km2":"1480.54","latitude_centre":"44.4372","longitude_centre":"5.9721","distance_km":9.02},{"id":11444,"code_insee":"05158","nom_standard":"Le Saix","nom_a":null,"nom_de":null,"slug_ville":"le-saix","departement_id":0,"code_postal":"05400","population":126,"superficie_km2":"2240.08","latitude_centre":"44.4655","longitude_centre":"5.8402","distance_km":10.07},{"id":11316,"code_insee":"04233","nom_standard":"Vaumeilh","nom_a":null,"nom_de":null,"slug_ville":"vaumeilh","departement_id":0,"code_postal":"04200","population":270,"superficie_km2":"2572.87","latitude_centre":"44.289","longitude_centre":"5.9589","distance_km":11.73},{"id":11403,"code_insee":"05103","nom_standard":"Le Poët","nom_a":null,"nom_de":null,"slug_ville":"le-poet","departement_id":0,"code_postal":"05300","population":790,"superficie_km2":"1518.88","latitude_centre":"44.2756","longitude_centre":"5.9008","distance_km":11.86},{"id":11426,"code_insee":"05131","nom_standard":"Saint-Auban-d'Oze","nom_a":null,"nom_de":null,"slug_ville":"saint-auban-d-oze","departement_id":0,"code_postal":"05400","population":75,"superficie_km2":"1334.69","latitude_centre":"44.4874","longitude_centre":"5.8458","distance_km":12.22},{"id":0,"code_insee":"04123","nom_standard":"Mison","nom_a":null,"nom_de":null,"slug_ville":"mison","departement_id":0,"code_postal":"04200","population":1112,"superficie_km2":"3163.91","latitude_centre":"44.2629","longitude_centre":"5.8676","distance_km":13.34},{"id":11351,"code_insee":"05035","nom_standard":"Châteauneuf-d'Oze","nom_a":null,"nom_de":null,"slug_ville":"chateauneuf-d-oze","departement_id":0,"code_postal":"05400","population":30,"superficie_km2":"2665.32","latitude_centre":"44.503","longitude_centre":"5.9028","distance_km":13.51}]}