{"ville":{"id":10174,"code_insee":"01434","nom_standard":"Versailleux","nom_a":null,"nom_de":null,"slug_ville":"versailleux","departement_id":0,"code_postal":"01330","population":497,"superficie_km2":"1935.62","latitude_centre":"45.9883","longitude_centre":"5.115","dep_code":"01","dep_nom":"Ain","dep_slug":"ain","reg_code":"84","reg_nom":"Auvergne-Rhône-Alpes","reg_slug":"auvergne-rhone-alpes"},"departement":{"code":"01","nom":"Ain","slug":"ain"},"region":{"code":"84","nom":"Auvergne-Rhône-Alpes","slug":"auvergne-rhone-alpes"},"villes_proches":[{"id":10114,"code_insee":"01299","nom_standard":"Le Plantay","nom_a":null,"nom_de":null,"slug_ville":"le-plantay","departement_id":0,"code_postal":"01330","population":559,"superficie_km2":"2077.03","latitude_centre":"46.0236","longitude_centre":"5.0891","distance_km":4.41},{"id":10068,"code_insee":"01198","nom_standard":"Joyeux","nom_a":null,"nom_de":null,"slug_ville":"joyeux","departement_id":0,"code_postal":"01800","population":262,"superficie_km2":"1660.12","latitude_centre":"45.946","longitude_centre":"5.0998","distance_km":4.85},{"id":0,"code_insee":"01074","nom_standard":"Chalamont","nom_a":null,"nom_de":null,"slug_ville":"chalamont","departement_id":0,"code_postal":"01320","population":2533,"superficie_km2":"3299.24","latitude_centre":"46.0149","longitude_centre":"5.1735","distance_km":5.4},{"id":0,"code_insee":"01443","nom_standard":"Villars-les-Dombes","nom_a":null,"nom_de":null,"slug_ville":"villars-les-dombes","departement_id":0,"code_postal":"01330","population":5163,"superficie_km2":"2472.61","latitude_centre":"46","longitude_centre":"5.0443","distance_km":5.61},{"id":0,"code_insee":"01325","nom_standard":"Rignieux-le-Franc","nom_a":null,"nom_de":null,"slug_ville":"rignieux-le-franc","departement_id":0,"code_postal":"01800","population":1180,"superficie_km2":"1509.69","latitude_centre":"45.9513","longitude_centre":"5.1675","distance_km":5.78},{"id":10041,"code_insee":"01129","nom_standard":"Crans","nom_a":null,"nom_de":null,"slug_ville":"crans","departement_id":0,"code_postal":"01320","population":326,"superficie_km2":"1325.37","latitude_centre":"45.9667","longitude_centre":"5.1917","distance_km":6.4},{"id":10133,"code_insee":"01349","nom_standard":"Saint-Éloi","nom_a":null,"nom_de":null,"slug_ville":"saint-eloi","departement_id":0,"code_postal":"01800","population":525,"superficie_km2":"1411.89","latitude_centre":"45.9343","longitude_centre":"5.1507","distance_km":6.61},{"id":9995,"code_insee":"01045","nom_standard":"Birieux","nom_a":null,"nom_de":null,"slug_ville":"birieux","departement_id":0,"code_postal":"01330","population":275,"superficie_km2":"1577.34","latitude_centre":"45.9509","longitude_centre":"5.0401","distance_km":7.13},{"id":10149,"code_insee":"01381","nom_standard":"Saint-Nizier-le-Désert","nom_a":null,"nom_de":null,"slug_ville":"saint-nizier-le-desert","departement_id":0,"code_postal":"01320","population":921,"superficie_km2":"2500.11","latitude_centre":"46.0518","longitude_centre":"5.1471","distance_km":7.48},{"id":10096,"code_insee":"01260","nom_standard":"Le Montellier","nom_a":null,"nom_de":null,"slug_ville":"le-montellier","departement_id":0,"code_postal":"01800","population":336,"superficie_km2":"1532.99","latitude_centre":"45.9284","longitude_centre":"5.0699","distance_km":7.52},{"id":0,"code_insee":"01235","nom_standard":"Marlieux","nom_a":null,"nom_de":null,"slug_ville":"marlieux","departement_id":0,"code_postal":"01240","population":1185,"superficie_km2":"1722.59","latitude_centre":"46.0542","longitude_centre":"5.0756","distance_km":7.93},{"id":10020,"code_insee":"01090","nom_standard":"Châtenay","nom_a":null,"nom_de":null,"slug_ville":"chatenay","departement_id":0,"code_postal":"01320","population":373,"superficie_km2":"1521.67","latitude_centre":"46.0276","longitude_centre":"5.2085","distance_km":8.44},{"id":10052,"code_insee":"01156","nom_standard":"Faramans","nom_a":null,"nom_de":null,"slug_ville":"faramans","departement_id":0,"code_postal":"01800","population":934,"superficie_km2":"1123.17","latitude_centre":"45.9086","longitude_centre":"5.126","distance_km":8.9},{"id":9999,"code_insee":"01052","nom_standard":"Bouligneux","nom_a":null,"nom_de":null,"slug_ville":"bouligneux","departement_id":0,"code_postal":"01330","population":318,"superficie_km2":"2623.93","latitude_centre":"46.0202","longitude_centre":"4.9957","distance_km":9.87},{"id":10139,"code_insee":"01359","nom_standard":"Saint-Germain-sur-Renon","nom_a":null,"nom_de":null,"slug_ville":"saint-germain-sur-renon","departement_id":0,"code_postal":"01240","population":264,"superficie_km2":"1644.77","latitude_centre":"46.0764","longitude_centre":"5.0626","distance_km":10.6},{"id":10112,"code_insee":"01297","nom_standard":"Pizay","nom_a":null,"nom_de":null,"slug_ville":"pizay","departement_id":0,"code_postal":"01120","population":937,"superficie_km2":"1122.30","latitude_centre":"45.8906","longitude_centre":"5.0901","distance_km":11.03},{"id":10131,"code_insee":"01342","nom_standard":"Sainte-Croix","nom_a":null,"nom_de":null,"slug_ville":"sainte-croix","departement_id":0,"code_postal":"01120","population":544,"superficie_km2":"1067.90","latitude_centre":"45.8978","longitude_centre":"5.0477","distance_km":11.33},{"id":0,"code_insee":"01054","nom_standard":"Bourg-Saint-Christophe","nom_a":null,"nom_de":null,"slug_ville":"bourg-saint-christophe","departement_id":0,"code_postal":"01800","population":1562,"superficie_km2":"899.82","latitude_centre":"45.8842","longitude_centre":"5.1393","distance_km":11.73},{"id":0,"code_insee":"01383","nom_standard":"Saint-Paul-de-Varax","nom_a":null,"nom_de":null,"slug_ville":"saint-paul-de-varax","departement_id":0,"code_postal":"01240","population":1634,"superficie_km2":"2590.36","latitude_centre":"46.0949","longitude_centre":"5.1309","distance_km":11.92},{"id":10004,"code_insee":"01062","nom_standard":"Bressolles","nom_a":null,"nom_de":null,"slug_ville":"bressolles","departement_id":0,"code_postal":"01360","population":1028,"superficie_km2":"765.56","latitude_centre":"45.8714","longitude_centre":"5.0984","distance_km":13.06}]}