{"ville":{"id":11548,"code_insee":"06159","nom_standard":"Villefranche-sur-Mer","nom_a":null,"nom_de":null,"slug_ville":"villefranche-sur-mer","departement_id":0,"code_postal":"06230","population":5008,"superficie_km2":"489.67","latitude_centre":"43.7081","longitude_centre":"7.3243","dep_code":"06","dep_nom":"Alpes-Maritimes","dep_slug":"alpes-maritimes","reg_code":"93","reg_nom":"Provence-Alpes-Côte d'Azur","reg_slug":"provence-alpes-cote-d-azur"},"departement":{"code":"06","nom":"Alpes-Maritimes","slug":"alpes-maritimes"},"region":{"code":"93","nom":"Provence-Alpes-Côte d'Azur","slug":"provence-alpes-cote-d-azur"},"villes_proches":[{"id":0,"code_insee":"06011","nom_standard":"Beaulieu-sur-Mer","nom_a":null,"nom_de":null,"slug_ville":"beaulieu-sur-mer","departement_id":0,"code_postal":"06310","population":3874,"superficie_km2":"106.61","latitude_centre":"43.7081","longitude_centre":"7.3324","distance_km":0.65},{"id":0,"code_insee":"06121","nom_standard":"Saint-Jean-Cap-Ferrat","nom_a":null,"nom_de":null,"slug_ville":"saint-jean-cap-ferrat","departement_id":0,"code_postal":"06230","population":1531,"superficie_km2":"264.55","latitude_centre":"43.6883","longitude_centre":"7.3349","distance_km":2.36},{"id":0,"code_insee":"06059","nom_standard":"Èze","nom_a":null,"nom_de":null,"slug_ville":"eze","departement_id":0,"code_postal":"06360","population":2144,"superficie_km2":"949.78","latitude_centre":"43.7299","longitude_centre":"7.3566","distance_km":3.55},{"id":0,"code_insee":"06149","nom_standard":"La Trinité","nom_a":null,"nom_de":null,"slug_ville":"la-trinite","departement_id":0,"code_postal":"06340","population":10602,"superficie_km2":"1475.92","latitude_centre":"43.7415","longitude_centre":"7.3413","distance_km":3.96},{"id":0,"code_insee":"06114","nom_standard":"Saint-André-de-la-Roche","nom_a":null,"nom_de":null,"slug_ville":"saint-andre-de-la-roche","departement_id":0,"code_postal":"06730","population":5896,"superficie_km2":"284.70","latitude_centre":"43.7455","longitude_centre":"7.2875","distance_km":5.1},{"id":0,"code_insee":"06054","nom_standard":"Drap","nom_a":null,"nom_de":null,"slug_ville":"drap","departement_id":0,"code_postal":"06340","population":5484,"superficie_km2":"549.90","latitude_centre":"43.7587","longitude_centre":"7.3395","distance_km":5.76},{"id":0,"code_insee":"06088","nom_standard":"Nice","nom_a":null,"nom_de":null,"slug_ville":"nice","departement_id":0,"code_postal":"06000","population":357737,"superficie_km2":"7380.49","latitude_centre":"43.7032","longitude_centre":"7.2528","distance_km":5.77},{"id":0,"code_insee":"06032","nom_standard":"Cap-d'Ail","nom_a":null,"nom_de":null,"slug_ville":"cap-d-ail","departement_id":0,"code_postal":"06320","population":4482,"superficie_km2":"211.98","latitude_centre":"43.7256","longitude_centre":"7.4008","distance_km":6.45},{"id":0,"code_insee":"06031","nom_standard":"Cantaron","nom_a":null,"nom_de":null,"slug_ville":"cantaron","departement_id":0,"code_postal":"06340","population":1268,"superficie_km2":"731.90","latitude_centre":"43.7694","longitude_centre":"7.3147","distance_km":6.86},{"id":0,"code_insee":"06060","nom_standard":"Falicon","nom_a":null,"nom_de":null,"slug_ville":"falicon","departement_id":0,"code_postal":"06950","population":2185,"superficie_km2":"493.90","latitude_centre":"43.7533","longitude_centre":"7.266","distance_km":6.87},{"id":0,"code_insee":"06150","nom_standard":"La Turbie","nom_a":null,"nom_de":null,"slug_ville":"la-turbie","departement_id":0,"code_postal":"06320","population":3045,"superficie_km2":"738.37","latitude_centre":"43.7462","longitude_centre":"7.3973","distance_km":7.24},{"id":0,"code_insee":"06092","nom_standard":"Peillon","nom_a":null,"nom_de":null,"slug_ville":"peillon","departement_id":0,"code_postal":"06440","population":1408,"superficie_km2":"868.04","latitude_centre":"43.7727","longitude_centre":"7.3668","distance_km":7.95},{"id":0,"code_insee":"06012","nom_standard":"Beausoleil","nom_a":null,"nom_de":null,"slug_ville":"beausoleil","departement_id":0,"code_postal":"06240","population":11936,"superficie_km2":"278.80","latitude_centre":"43.7471","longitude_centre":"7.4227","distance_km":9.02},{"id":0,"code_insee":"06147","nom_standard":"Tourrette-Levens","nom_a":null,"nom_de":null,"slug_ville":"tourrette-levens","departement_id":0,"code_postal":"06690","population":4624,"superficie_km2":"1653.86","latitude_centre":"43.7882","longitude_centre":"7.275","distance_km":9.75},{"id":0,"code_insee":"06019","nom_standard":"Blausasc","nom_a":null,"nom_de":null,"slug_ville":"blausasc","departement_id":0,"code_postal":"06440","population":1668,"superficie_km2":"1011.21","latitude_centre":"43.7938","longitude_centre":"7.357","distance_km":9.88},{"id":0,"code_insee":"06046","nom_standard":"Colomars","nom_a":null,"nom_de":null,"slug_ville":"colomars","departement_id":0,"code_postal":"06670","population":3409,"superficie_km2":"622.15","latitude_centre":"43.757","longitude_centre":"7.2212","distance_km":9.91},{"id":0,"code_insee":"06006","nom_standard":"Aspremont","nom_a":null,"nom_de":null,"slug_ville":"aspremont","departement_id":0,"code_postal":"06790","population":2346,"superficie_km2":"927.59","latitude_centre":"43.7772","longitude_centre":"7.2423","distance_km":10.12},{"id":11482,"code_insee":"06039","nom_standard":"Châteauneuf-Villevieille","nom_a":null,"nom_de":null,"slug_ville":"chateauneuf-villevieille","departement_id":0,"code_postal":"06390","population":997,"superficie_km2":"841.90","latitude_centre":"43.8007","longitude_centre":"7.2951","distance_km":10.56},{"id":0,"code_insee":"06048","nom_standard":"Contes","nom_a":null,"nom_de":null,"slug_ville":"contes","departement_id":0,"code_postal":"06390","population":7897,"superficie_km2":"1952.38","latitude_centre":"43.8133","longitude_centre":"7.3263","distance_km":11.7},{"id":0,"code_insee":"06034","nom_standard":"Castagniers","nom_a":null,"nom_de":null,"slug_ville":"castagniers","departement_id":0,"code_postal":"06670","population":1666,"superficie_km2":"698.76","latitude_centre":"43.79","longitude_centre":"7.2298","distance_km":11.86}]}